dataset,Country,Year,Value,Coffee_type
import,Austria,1990,112800000.0,
import,Belgium,1990,,
import,Belgium/Luxembourg,1990,120900000.0,
import,Bulgaria,1990,16080000.0,
import,Croatia,1990,,
import,Cyprus,1990,3000000.0,
import,Czechia,1990,39540000.0,
import,Denmark,1990,57540000.0,
import,Estonia,1990,,
import,Finland,1990,65700000.0,
import,France,1990,378060000.0,
import,Germany,1990,820260000.0,
import,Greece,1990,38520000.0,
import,Hungary,1990,34440000.0,
import,Ireland,1990,7740000.0,
import,Italy,1990,314520000.0,
import,Latvia,1990,,
import,Lithuania,1990,,
import,Luxembourg,1990,,
import,Malta,1990,1260000.0,
import,Netherlands,1990,187680000.0,
import,Poland,1990,26100000.0,
import,Portugal,1990,33120000.0,
import,Romania,1990,26520000.0,
import,Slovakia,1990,,
import,Slovenia,1990,,
import,Spain,1990,183180000.0,
import,Sweden,1990,106020000.0,
import,Japan,1990,319800000.0,
import,Norway,1990,44520000.0,
import,Russian Federation,1990,,
import,Switzerland,1990,70260000.0,
import,Tunisia,1990,6060000.0,
import,United Kingdom,1990,173880000.0,
import,United States of America,1990,1260420000.0,
import,Austria,1991,123480000.0,
import,Belgium,1991,,
import,Belgium/Luxembourg,1991,104760000.0,
import,Bulgaria,1991,12000000.0,
import,Croatia,1991,,
import,Cyprus,1991,3240000.0,
import,Czechia,1991,31500000.0,
import,Denmark,1991,58980000.0,
import,Estonia,1991,,
import,Finland,1991,61980000.0,
import,France,1991,393180000.0,
import,Germany,1991,793740000.0,
import,Greece,1991,24420000.0,
import,Hungary,1991,38460000.0,
import,Ireland,1991,7080000.0,
import,Italy,1991,277800000.0,
import,Latvia,1991,,
import,Lithuania,1991,,
import,Luxembourg,1991,,
import,Malta,1991,960000.0,
import,Netherlands,1991,187260000.0,
import,Poland,1991,15000000.0,
import,Portugal,1991,33420000.0,
import,Romania,1991,20100000.0,
import,Slovakia,1991,,
import,Slovenia,1991,,
import,Spain,1991,178200000.0,
import,Sweden,1991,103020000.0,
import,Japan,1991,330600000.0,
import,Norway,1991,45660000.0,
import,Russian Federation,1991,,
import,Switzerland,1991,67800000.0,
import,Tunisia,1991,5400000.0,
import,United Kingdom,1991,168360000.0,
import,United States of America,1991,1190400000.0,
import,Austria,1992,132360000.0,
import,Belgium,1992,,
import,Belgium/Luxembourg,1992,109680000.0,
import,Bulgaria,1992,10920000.0,
import,Croatia,1992,10080000.0,
import,Cyprus,1992,2460000.0,
import,Czechia,1992,28500000.0,
import,Denmark,1992,63720000.0,
import,Estonia,1992,960000.0,
import,Finland,1992,63300000.0,
import,France,1992,396720000.0,
import,Germany,1992,827340000.0,
import,Greece,1992,20940000.0,
import,Hungary,1992,31320000.0,
import,Ireland,1992,5700000.0,
import,Italy,1992,275700000.0,
import,Latvia,1992,1200000.0,
import,Lithuania,1992,120000.0,
import,Luxembourg,1992,,
import,Malta,1992,1080000.0,
import,Netherlands,1992,192300000.0,
import,Poland,1992,107220000.0,
import,Portugal,1992,35460000.0,
import,Romania,1992,36180000.0,
import,Slovakia,1992,,
import,Slovenia,1992,7380000.0,
import,Spain,1992,204840000.0,
import,Sweden,1992,106320000.0,
import,Japan,1992,319560000.0,
import,Norway,1992,44340000.0,
import,Russian Federation,1992,82920000.0,
import,Switzerland,1992,66060000.0,
import,Tunisia,1992,6660000.0,
import,United Kingdom,1992,185280000.0,
import,United States of America,1992,1376340000.0,
import,Austria,1993,110160000.0,
import,Belgium,1993,,
import,Belgium/Luxembourg,1993,123780000.0,
import,Bulgaria,1993,23820000.0,
import,Croatia,1993,9780000.0,
import,Cyprus,1993,4620000.0,
import,Czechia,1993,30840000.0,
import,Denmark,1993,59640000.0,
import,Estonia,1993,3060000.0,
import,Finland,1993,78060000.0,
import,France,1993,380040000.0,
import,Germany,1993,846420000.0,
import,Greece,1993,22500000.0,
import,Hungary,1993,40080000.0,
import,Ireland,1993,6660000.0,
import,Italy,1993,335640000.0,
import,Latvia,1993,3600000.0,
import,Lithuania,1993,540000.0,
import,Luxembourg,1993,,
import,Malta,1993,1380000.0,
import,Netherlands,1993,168240000.0,
import,Poland,1993,100200000.0,
import,Portugal,1993,39960000.0,
import,Romania,1993,25500000.0,
import,Slovakia,1993,17280000.0,
import,Slovenia,1993,9120000.0,
import,Spain,1993,168780000.0,
import,Sweden,1993,105420000.0,
import,Japan,1993,341460000.0,
import,Norway,1993,41580000.0,
import,Russian Federation,1993,107700000.0,
import,Switzerland,1993,63600000.0,
import,Tunisia,1993,6060000.0,
import,United Kingdom,1993,191820000.0,
import,United States of America,1993,1159740000.0,
import,Austria,1994,85020000.0,
import,Belgium,1994,,
import,Belgium/Luxembourg,1994,135720000.0,
import,Bulgaria,1994,27780000.0,
import,Croatia,1994,11580000.0,
import,Cyprus,1994,3120000.0,
import,Czechia,1994,33240000.0,
import,Denmark,1994,61980000.0,
import,Estonia,1994,4980000.0,
import,Finland,1994,81660000.0,
import,France,1994,382140000.0,
import,Germany,1994,814980000.0,
import,Greece,1994,30120000.0,
import,Hungary,1994,46260000.0,
import,Ireland,1994,7860000.0,
import,Italy,1994,333240000.0,
import,Latvia,1994,1380000.0,
import,Lithuania,1994,2820000.0,
import,Luxembourg,1994,,
import,Malta,1994,780000.0,
import,Netherlands,1994,168000000.0,
import,Poland,1994,110580000.0,
import,Portugal,1994,39840000.0,
import,Romania,1994,20820000.0,
import,Slovakia,1994,15420000.0,
import,Slovenia,1994,9540000.0,
import,Spain,1994,181680000.0,
import,Sweden,1994,113580000.0,
import,Japan,1994,373020000.0,
import,Norway,1994,48360000.0,
import,Russian Federation,1994,103560000.0,
import,Switzerland,1994,65940000.0,
import,Tunisia,1994,8220000.0,
import,United Kingdom,1994,207960000.0,
import,United States of America,1994,970260000.0,
import,Austria,1995,73860000.0,
import,Belgium,1995,,
import,Belgium/Luxembourg,1995,144060000.0,
import,Bulgaria,1995,30900000.0,
import,Croatia,1995,19200000.0,
import,Cyprus,1995,2640000.0,
import,Czechia,1995,33180000.0,
import,Denmark,1995,52620000.0,
import,Estonia,1995,6420000.0,
import,Finland,1995,46140000.0,
import,France,1995,372840000.0,
import,Germany,1995,771120000.0,
import,Greece,1995,31380000.0,
import,Hungary,1995,31200000.0,
import,Ireland,1995,6900000.0,
import,Italy,1995,323280000.0,
import,Latvia,1995,1800000.0,
import,Lithuania,1995,6780000.0,
import,Luxembourg,1995,,
import,Malta,1995,1380000.0,
import,Netherlands,1995,174600000.0,
import,Poland,1995,106260000.0,
import,Portugal,1995,37980000.0,
import,Romania,1995,33060000.0,
import,Slovakia,1995,15000000.0,
import,Slovenia,1995,8880000.0,
import,Spain,1995,188760000.0,
import,Sweden,1995,85200000.0,
import,Japan,1995,329340000.0,
import,Norway,1995,39720000.0,
import,Russian Federation,1995,103680000.0,
import,Switzerland,1995,61020000.0,
import,Tunisia,1995,8220000.0,
import,United Kingdom,1995,168420000.0,
import,United States of America,1995,1026420000.0,
import,Austria,1996,72600000.0,
import,Belgium,1996,,
import,Belgium/Luxembourg,1996,151560000.0,
import,Bulgaria,1996,16320000.0,
import,Croatia,1996,19320000.0,
import,Cyprus,1996,3120000.0,
import,Czechia,1996,31500000.0,
import,Denmark,1996,60360000.0,
import,Estonia,1996,7020000.0,
import,Finland,1996,59520000.0,
import,France,1996,399600000.0,
import,Germany,1996,810420000.0,
import,Greece,1996,45960000.0,
import,Hungary,1996,36180000.0,
import,Ireland,1996,5880000.0,
import,Italy,1996,336480000.0,
import,Latvia,1996,3960000.0,
import,Lithuania,1996,9000000.0,
import,Luxembourg,1996,,
import,Malta,1996,540000.0,
import,Netherlands,1996,185040000.0,
import,Poland,1996,115440000.0,
import,Portugal,1996,44580000.0,
import,Romania,1996,41820000.0,
import,Slovakia,1996,15660000.0,
import,Slovenia,1996,10500000.0,
import,Spain,1996,210900000.0,
import,Sweden,1996,91320000.0,
import,Japan,1996,359640000.0,
import,Norway,1996,43200000.0,
import,Russian Federation,1996,67680000.0,
import,Switzerland,1996,66720000.0,
import,Tunisia,1996,8640000.0,
import,United Kingdom,1996,174180000.0,
import,United States of America,1996,1166700000.0,
import,Austria,1997,77640000.0,
import,Belgium,1997,,
import,Belgium/Luxembourg,1997,152640000.0,
import,Bulgaria,1997,17640000.0,
import,Croatia,1997,23100000.0,
import,Cyprus,1997,2460000.0,
import,Czechia,1997,33600000.0,
import,Denmark,1997,56940000.0,
import,Estonia,1997,8460000.0,
import,Finland,1997,71160000.0,
import,France,1997,402240000.0,
import,Germany,1997,834300000.0,
import,Greece,1997,47340000.0,
import,Hungary,1997,40500000.0,
import,Ireland,1997,6360000.0,
import,Italy,1997,344580000.0,
import,Latvia,1997,8640000.0,
import,Lithuania,1997,11220000.0,
import,Luxembourg,1997,,
import,Malta,1997,540000.0,
import,Netherlands,1997,175440000.0,
import,Poland,1997,135180000.0,
import,Portugal,1997,43620000.0,
import,Romania,1997,37860000.0,
import,Slovakia,1997,15180000.0,
import,Slovenia,1997,10260000.0,
import,Spain,1997,226620000.0,
import,Sweden,1997,88380000.0,
import,Japan,1997,355260000.0,
import,Norway,1997,41040000.0,
import,Russian Federation,1997,131100000.0,
import,Switzerland,1997,58260000.0,
import,Tunisia,1997,9900000.0,
import,United Kingdom,1997,175740000.0,
import,United States of America,1997,1220580000.0,
import,Austria,1998,77580000.0,
import,Belgium,1998,,
import,Belgium/Luxembourg,1998,214800000.0,
import,Bulgaria,1998,20520000.0,
import,Croatia,1998,20340000.0,
import,Cyprus,1998,3000000.0,
import,Czechia,1998,45900000.0,
import,Denmark,1998,60840000.0,
import,Estonia,1998,8100000.0,
import,Finland,1998,70080000.0,
import,France,1998,394560000.0,
import,Germany,1998,824400000.0,
import,Greece,1998,42240000.0,
import,Hungary,1998,42960000.0,
import,Ireland,1998,6120000.0,
import,Italy,1998,353340000.0,
import,Latvia,1998,9540000.0,
import,Lithuania,1998,11100000.0,
import,Luxembourg,1998,,
import,Malta,1998,600000.0,
import,Netherlands,1998,171720000.0,
import,Poland,1998,137580000.0,
import,Portugal,1998,45720000.0,
import,Romania,1998,35700000.0,
import,Slovakia,1998,15540000.0,
import,Slovenia,1998,10440000.0,
import,Spain,1998,223080000.0,
import,Sweden,1998,86400000.0,
import,Japan,1998,361620000.0,
import,Norway,1998,42420000.0,
import,Russian Federation,1998,103920000.0,
import,Switzerland,1998,66720000.0,
import,Tunisia,1998,8820000.0,
import,United Kingdom,1998,188520000.0,
import,United States of America,1998,1261800000.0,
import,Austria,1999,90000000.0,
import,Belgium,1999,180180000.0,
import,Belgium/Luxembourg,1999,,
import,Bulgaria,1999,22020000.0,
import,Croatia,1999,21120000.0,
import,Cyprus,1999,3300000.0,
import,Czechia,1999,43680000.0,
import,Denmark,1999,65640000.0,
import,Estonia,1999,7860000.0,
import,Finland,1999,72540000.0,
import,France,1999,400560000.0,
import,Germany,1999,859200000.0,
import,Greece,1999,43980000.0,
import,Hungary,1999,45720000.0,
import,Ireland,1999,8520000.0,
import,Italy,1999,356580000.0,
import,Latvia,1999,10980000.0,
import,Lithuania,1999,12360000.0,
import,Luxembourg,1999,8700000.0,
import,Malta,1999,540000.0,
import,Netherlands,1999,153960000.0,
import,Poland,1999,144240000.0,
import,Portugal,1999,49020000.0,
import,Romania,1999,30660000.0,
import,Slovakia,1999,16140000.0,
import,Slovenia,1999,10920000.0,
import,Spain,1999,239160000.0,
import,Sweden,1999,87360000.0,
import,Japan,1999,392820000.0,
import,Norway,1999,47400000.0,
import,Russian Federation,1999,82080000.0,
import,Switzerland,1999,68340000.0,
import,Tunisia,1999,11160000.0,
import,United Kingdom,1999,174420000.0,
import,United States of America,1999,1364760000.0,
import,Austria,2000,75420000.0,
import,Belgium,2000,209460000.0,
import,Belgium/Luxembourg,2000,,
import,Bulgaria,2000,16860000.0,
import,Croatia,2000,20640000.0,
import,Cyprus,2000,4140000.0,
import,Czechia,2000,48540000.0,
import,Denmark,2000,61320000.0,
import,Estonia,2000,6300000.0,
import,Finland,2000,63780000.0,
import,France,2000,391200000.0,
import,Germany,2000,833700000.0,
import,Greece,2000,47880000.0,
import,Hungary,2000,47400000.0,
import,Ireland,2000,9300000.0,
import,Italy,2000,378900000.0,
import,Latvia,2000,10860000.0,
import,Lithuania,2000,12780000.0,
import,Luxembourg,2000,13920000.0,
import,Malta,2000,540000.0,
import,Netherlands,2000,177960000.0,
import,Poland,2000,154560000.0,
import,Portugal,2000,48660000.0,
import,Romania,2000,33120000.0,
import,Slovakia,2000,17160000.0,
import,Slovenia,2000,11220000.0,
import,Spain,2000,226080000.0,
import,Sweden,2000,80640000.0,
import,Japan,2000,414480000.0,
import,Norway,2000,39720000.0,
import,Russian Federation,2000,113400000.0,
import,Switzerland,2000,70260000.0,
import,Tunisia,2000,11520000.0,
import,United Kingdom,2000,180720000.0,
import,United States of America,2000,1426020000.0,
import,Austria,2001,85920000.0,
import,Belgium,2001,192540000.0,
import,Belgium/Luxembourg,2001,,
import,Bulgaria,2001,21300000.0,
import,Croatia,2001,21120000.0,
import,Cyprus,2001,3540000.0,
import,Czechia,2001,53940000.0,
import,Denmark,2001,66180000.0,
import,Estonia,2001,9660000.0,
import,Finland,2001,65040000.0,
import,France,2001,405180000.0,
import,Germany,2001,885180000.0,
import,Greece,2001,52080000.0,
import,Hungary,2001,49980000.0,
import,Ireland,2001,10800000.0,
import,Italy,2001,392520000.0,
import,Latvia,2001,9360000.0,
import,Lithuania,2001,16020000.0,
import,Luxembourg,2001,12600000.0,
import,Malta,2001,540000.0,
import,Netherlands,2001,167640000.0,
import,Poland,2001,163140000.0,
import,Portugal,2001,50580000.0,
import,Romania,2001,37980000.0,
import,Slovakia,2001,19020000.0,
import,Slovenia,2001,11640000.0,
import,Spain,2001,243480000.0,
import,Sweden,2001,85920000.0,
import,Japan,2001,419760000.0,
import,Norway,2001,42960000.0,
import,Russian Federation,2001,183420000.0,
import,Switzerland,2001,75300000.0,
import,Tunisia,2001,13980000.0,
import,United Kingdom,2001,183720000.0,
import,United States of America,2001,1284900000.0,
import,Austria,2002,86820000.0,
import,Belgium,2002,227520000.0,
import,Belgium/Luxembourg,2002,,
import,Bulgaria,2002,20580000.0,
import,Croatia,2002,22260000.0,
import,Cyprus,2002,3420000.0,
import,Czechia,2002,53280000.0,
import,Denmark,2002,64560000.0,
import,Estonia,2002,7200000.0,
import,Finland,2002,64500000.0,
import,France,2002,415500000.0,
import,Germany,2002,930960000.0,
import,Greece,2002,53820000.0,
import,Hungary,2002,49680000.0,
import,Ireland,2002,10620000.0,
import,Italy,2002,391380000.0,
import,Latvia,2002,9840000.0,
import,Lithuania,2002,15780000.0,
import,Luxembourg,2002,15180000.0,
import,Malta,2002,600000.0,
import,Netherlands,2002,165600000.0,
import,Poland,2002,158580000.0,
import,Portugal,2002,50280000.0,
import,Romania,2002,44280000.0,
import,Slovakia,2002,18000000.0,
import,Slovenia,2002,12060000.0,
import,Spain,2002,241560000.0,
import,Sweden,2002,87780000.0,
import,Japan,2002,438420000.0,
import,Norway,2002,41880000.0,
import,Russian Federation,2002,210240000.0,
import,Switzerland,2002,73020000.0,
import,Tunisia,2002,14160000.0,
import,United Kingdom,2002,178260000.0,
import,United States of America,2002,1298340000.0,
import,Austria,2003,80160000.0,
import,Belgium,2003,229080000.0,
import,Belgium/Luxembourg,2003,,
import,Bulgaria,2003,24000000.0,
import,Croatia,2003,23580000.0,
import,Cyprus,2003,3540000.0,
import,Czechia,2003,58440000.0,
import,Denmark,2003,60120000.0,
import,Estonia,2003,8040000.0,
import,Finland,2003,66300000.0,
import,France,2003,399120000.0,
import,Germany,2003,943620000.0,
import,Greece,2003,59880000.0,
import,Hungary,2003,51840000.0,
import,Ireland,2003,13620000.0,
import,Italy,2003,415740000.0,
import,Latvia,2003,11160000.0,
import,Lithuania,2003,13260000.0,
import,Luxembourg,2003,17340000.0,
import,Malta,2003,660000.0,
import,Netherlands,2003,190560000.0,
import,Poland,2003,159840000.0,
import,Portugal,2003,50040000.0,
import,Romania,2003,45300000.0,
import,Slovakia,2003,18180000.0,
import,Slovenia,2003,10620000.0,
import,Spain,2003,248160000.0,
import,Sweden,2003,86100000.0,
import,Japan,2003,415380000.0,
import,Norway,2003,41460000.0,
import,Russian Federation,2003,226320000.0,
import,Switzerland,2003,79320000.0,
import,Tunisia,2003,7380000.0,
import,United Kingdom,2003,180120000.0,
import,United States of America,2003,1365600000.0,
import,Austria,2004,92280000.0,
import,Belgium,2004,238080000.0,
import,Belgium/Luxembourg,2004,,
import,Bulgaria,2004,22020000.0,
import,Croatia,2004,23280000.0,
import,Cyprus,2004,3540000.0,
import,Czechia,2004,55740000.0,
import,Denmark,2004,67140000.0,
import,Estonia,2004,10560000.0,
import,Finland,2004,69120000.0,
import,France,2004,356400000.0,
import,Germany,2004,1041360000.0,
import,Greece,2004,56520000.0,
import,Hungary,2004,58620000.0,
import,Ireland,2004,15840000.0,
import,Italy,2004,421920000.0,
import,Latvia,2004,11280000.0,
import,Lithuania,2004,15360000.0,
import,Luxembourg,2004,18960000.0,
import,Malta,2004,960000.0,
import,Netherlands,2004,189540000.0,
import,Poland,2004,161220000.0,
import,Portugal,2004,50280000.0,
import,Romania,2004,49680000.0,
import,Slovakia,2004,17880000.0,
import,Slovenia,2004,11760000.0,
import,Spain,2004,250380000.0,
import,Sweden,2004,89700000.0,
import,Japan,2004,435240000.0,
import,Norway,2004,42960000.0,
import,Russian Federation,2004,192300000.0,
import,Switzerland,2004,74160000.0,
import,Tunisia,2004,15840000.0,
import,United Kingdom,2004,199740000.0,
import,United States of America,2004,1391040000.0,
import,Austria,2005,94620000.0,
import,Belgium,2005,243780000.0,
import,Belgium/Luxembourg,2005,,
import,Bulgaria,2005,26460000.0,
import,Croatia,2005,23520000.0,
import,Cyprus,2005,4800000.0,
import,Czechia,2005,63780000.0,
import,Denmark,2005,59580000.0,
import,Estonia,2005,13260000.0,
import,Finland,2005,69360000.0,
import,France,2005,342840000.0,
import,Germany,2005,1002960000.0,
import,Greece,2005,55860000.0,
import,Hungary,2005,51120000.0,
import,Ireland,2005,15060000.0,
import,Italy,2005,436140000.0,
import,Latvia,2005,11460000.0,
import,Lithuania,2005,17040000.0,
import,Luxembourg,2005,19860000.0,
import,Malta,2005,960000.0,
import,Netherlands,2005,179280000.0,
import,Poland,2005,167520000.0,
import,Portugal,2005,49860000.0,
import,Romania,2005,52440000.0,
import,Slovakia,2005,18480000.0,
import,Slovenia,2005,11460000.0,
import,Spain,2005,261360000.0,
import,Sweden,2005,101580000.0,
import,Japan,2005,444480000.0,
import,Norway,2005,45180000.0,
import,Russian Federation,2005,200160000.0,
import,Switzerland,2005,98460000.0,
import,Tunisia,2005,11400000.0,
import,United Kingdom,2005,205980000.0,
import,United States of America,2005,1382520000.0,
import,Austria,2006,96060000.0,
import,Belgium,2006,276300000.0,
import,Belgium/Luxembourg,2006,,
import,Bulgaria,2006,26100000.0,
import,Croatia,2006,24240000.0,
import,Cyprus,2006,4440000.0,
import,Czechia,2006,56400000.0,
import,Denmark,2006,60240000.0,
import,Estonia,2006,15240000.0,
import,Finland,2006,70080000.0,
import,France,2006,371460000.0,
import,Germany,2006,1112580000.0,
import,Greece,2006,53820000.0,
import,Hungary,2006,54060000.0,
import,Ireland,2006,15120000.0,
import,Italy,2006,452880000.0,
import,Latvia,2006,13260000.0,
import,Lithuania,2006,19020000.0,
import,Luxembourg,2006,20160000.0,
import,Malta,2006,1740000.0,
import,Netherlands,2006,197580000.0,
import,Poland,2006,159240000.0,
import,Portugal,2006,51720000.0,
import,Romania,2006,51240000.0,
import,Slovakia,2006,20820000.0,
import,Slovenia,2006,11220000.0,
import,Spain,2006,272280000.0,
import,Sweden,2006,109200000.0,
import,Japan,2006,457920000.0,
import,Norway,2006,43860000.0,
import,Russian Federation,2006,207900000.0,
import,Switzerland,2006,90180000.0,
import,Tunisia,2006,12540000.0,
import,United Kingdom,2006,242760000.0,
import,United States of America,2006,1422540000.0,
import,Austria,2007,118080000.0,
import,Belgium,2007,240840000.0,
import,Belgium/Luxembourg,2007,,
import,Bulgaria,2007,23580000.0,
import,Croatia,2007,24840000.0,
import,Cyprus,2007,4260000.0,
import,Czechia,2007,62220000.0,
import,Denmark,2007,59700000.0,
import,Estonia,2007,16620000.0,
import,Finland,2007,72420000.0,
import,France,2007,385200000.0,
import,Germany,2007,1173840000.0,
import,Greece,2007,64860000.0,
import,Hungary,2007,53640000.0,
import,Ireland,2007,15960000.0,
import,Italy,2007,481680000.0,
import,Latvia,2007,9060000.0,
import,Lithuania,2007,20160000.0,
import,Luxembourg,2007,21600000.0,
import,Malta,2007,960000.0,
import,Netherlands,2007,211860000.0,
import,Poland,2007,135840000.0,
import,Portugal,2007,54660000.0,
import,Romania,2007,50400000.0,
import,Slovakia,2007,30480000.0,
import,Slovenia,2007,12300000.0,
import,Spain,2007,292500000.0,
import,Sweden,2007,106200000.0,
import,Japan,2007,425160000.0,
import,Norway,2007,46800000.0,
import,Russian Federation,2007,259080000.0,
import,Switzerland,2007,109380000.0,
import,Tunisia,2007,15180000.0,
import,United Kingdom,2007,226860000.0,
import,United States of America,2007,1453140000.0,
import,Austria,2008,114060000.0,
import,Belgium,2008,407520000.0,
import,Belgium/Luxembourg,2008,,
import,Bulgaria,2008,31020000.0,
import,Croatia,2008,24300000.0,
import,Cyprus,2008,4680000.0,
import,Czechia,2008,62220000.0,
import,Denmark,2008,54000000.0,
import,Estonia,2008,20040000.0,
import,Finland,2008,77100000.0,
import,France,2008,375120000.0,
import,Germany,2008,1192560000.0,
import,Greece,2008,63360000.0,
import,Hungary,2008,48660000.0,
import,Ireland,2008,7620000.0,
import,Italy,2008,490320000.0,
import,Latvia,2008,9240000.0,
import,Lithuania,2008,23400000.0,
import,Luxembourg,2008,21060000.0,
import,Malta,2008,1380000.0,
import,Netherlands,2008,138240000.0,
import,Poland,2008,147600000.0,
import,Portugal,2008,53100000.0,
import,Romania,2008,49560000.0,
import,Slovakia,2008,36660000.0,
import,Slovenia,2008,12300000.0,
import,Spain,2008,291840000.0,
import,Sweden,2008,108240000.0,
import,Japan,2008,423600000.0,
import,Norway,2008,43320000.0,
import,Russian Federation,2008,243180000.0,
import,Switzerland,2008,118680000.0,
import,Tunisia,2008,19080000.0,
import,United Kingdom,2008,238020000.0,
import,United States of America,2008,1456620000.0,
import,Austria,2009,78540000.0,
import,Belgium,2009,354960000.0,
import,Belgium/Luxembourg,2009,,
import,Bulgaria,2009,31380000.0,
import,Croatia,2009,23640000.0,
import,Cyprus,2009,4320000.0,
import,Czechia,2009,55800000.0,
import,Denmark,2009,51600000.0,
import,Estonia,2009,21420000.0,
import,Finland,2009,74580000.0,
import,France,2009,400200000.0,
import,Germany,2009,1164960000.0,
import,Greece,2009,62760000.0,
import,Hungary,2009,42240000.0,
import,Ireland,2009,8520000.0,
import,Italy,2009,484680000.0,
import,Latvia,2009,7920000.0,
import,Lithuania,2009,24660000.0,
import,Luxembourg,2009,19800000.0,
import,Malta,2009,840000.0,
import,Netherlands,2009,150120000.0,
import,Poland,2009,189720000.0,
import,Portugal,2009,53220000.0,
import,Romania,2009,48660000.0,
import,Slovakia,2009,27480000.0,
import,Slovenia,2009,12600000.0,
import,Spain,2009,288660000.0,
import,Sweden,2009,99540000.0,
import,Japan,2009,425400000.0,
import,Norway,2009,43440000.0,
import,Russian Federation,2009,213180000.0,
import,Switzerland,2009,126060000.0,
import,Tunisia,2009,17340000.0,
import,United Kingdom,2009,247860000.0,
import,United States of America,2009,1414680000.0,
import,Austria,2010,82140000.0,
import,Belgium,2010,355440000.0,
import,Belgium/Luxembourg,2010,,
import,Bulgaria,2010,31680000.0,
import,Croatia,2010,23640000.0,
import,Cyprus,2010,4620000.0,
import,Czechia,2010,57060000.0,
import,Denmark,2010,60900000.0,
import,Estonia,2010,15780000.0,
import,Finland,2010,76440000.0,
import,France,2010,403020000.0,
import,Germany,2010,1236180000.0,
import,Greece,2010,63660000.0,
import,Hungary,2010,43620000.0,
import,Ireland,2010,9900000.0,
import,Italy,2010,494160000.0,
import,Latvia,2010,8280000.0,
import,Lithuania,2010,22560000.0,
import,Luxembourg,2010,20940000.0,
import,Malta,2010,720000.0,
import,Netherlands,2010,154980000.0,
import,Poland,2010,196740000.0,
import,Portugal,2010,60600000.0,
import,Romania,2010,50340000.0,
import,Slovakia,2010,39300000.0,
import,Slovenia,2010,13080000.0,
import,Spain,2010,302040000.0,
import,Sweden,2010,103620000.0,
import,Japan,2010,444420000.0,
import,Norway,2010,45540000.0,
import,Russian Federation,2010,249300000.0,
import,Switzerland,2010,139080000.0,
import,Tunisia,2010,18240000.0,
import,United Kingdom,2010,258120000.0,
import,United States of America,2010,1462680000.0,
import,Austria,2011,87120000.0,
import,Belgium,2011,349680000.0,
import,Belgium/Luxembourg,2011,,
import,Bulgaria,2011,28920000.0,
import,Croatia,2011,23460000.0,
import,Cyprus,2011,4920000.0,
import,Czechia,2011,57120000.0,
import,Denmark,2011,54540000.0,
import,Estonia,2011,10020000.0,
import,Finland,2011,77220000.0,
import,France,2011,419520000.0,
import,Germany,2011,1255560000.0,
import,Greece,2011,69300000.0,
import,Hungary,2011,38400000.0,
import,Ireland,2011,12600000.0,
import,Italy,2011,501300000.0,
import,Latvia,2011,8460000.0,
import,Lithuania,2011,17340000.0,
import,Luxembourg,2011,19560000.0,
import,Malta,2011,1020000.0,
import,Netherlands,2011,160680000.0,
import,Poland,2011,204240000.0,
import,Portugal,2011,63480000.0,
import,Romania,2011,50640000.0,
import,Slovakia,2011,46620000.0,
import,Slovenia,2011,13380000.0,
import,Spain,2011,289260000.0,
import,Sweden,2011,98820000.0,
import,Japan,2011,452640000.0,
import,Norway,2011,47700000.0,
import,Russian Federation,2011,253080000.0,
import,Switzerland,2011,149880000.0,
import,Tunisia,2011,25740000.0,
import,United Kingdom,2011,250980000.0,
import,United States of America,2011,1565580000.0,
import,Austria,2012,93540000.0,
import,Belgium,2012,340080000.0,
import,Belgium/Luxembourg,2012,,
import,Bulgaria,2012,33600000.0,
import,Croatia,2012,23040000.0,
import,Cyprus,2012,5040000.0,
import,Czechia,2012,67620000.0,
import,Denmark,2012,54780000.0,
import,Estonia,2012,9420000.0,
import,Finland,2012,74280000.0,
import,France,2012,410460000.0,
import,Germany,2012,1308960000.0,
import,Greece,2012,74640000.0,
import,Hungary,2012,44880000.0,
import,Ireland,2012,15120000.0,
import,Italy,2012,521460000.0,
import,Latvia,2012,9420000.0,
import,Lithuania,2012,20220000.0,
import,Luxembourg,2012,19380000.0,
import,Malta,2012,1260000.0,
import,Netherlands,2012,163800000.0,
import,Poland,2012,212580000.0,
import,Portugal,2012,64560000.0,
import,Romania,2012,54180000.0,
import,Slovakia,2012,46320000.0,
import,Slovenia,2012,13260000.0,
import,Spain,2012,305640000.0,
import,Sweden,2012,100800000.0,
import,Japan,2012,421500000.0,
import,Norway,2012,44100000.0,
import,Russian Federation,2012,250500000.0,
import,Switzerland,2012,148680000.0,
import,Tunisia,2012,26340000.0,
import,United Kingdom,2012,247560000.0,
import,United States of America,2012,1563360000.0,
import,Austria,2013,93300000.0,
import,Belgium,2013,330120000.0,
import,Belgium/Luxembourg,2013,,
import,Bulgaria,2013,36540000.0,
import,Croatia,2013,24780000.0,
import,Cyprus,2013,5640000.0,
import,Czechia,2013,71040000.0,
import,Denmark,2013,55260000.0,
import,Estonia,2013,9360000.0,
import,Finland,2013,76500000.0,
import,France,2013,402780000.0,
import,Germany,2013,1270440000.0,
import,Greece,2013,76140000.0,
import,Hungary,2013,33420000.0,
import,Ireland,2013,13980000.0,
import,Italy,2013,529380000.0,
import,Latvia,2013,9660000.0,
import,Lithuania,2013,21720000.0,
import,Luxembourg,2013,22680000.0,
import,Malta,2013,1320000.0,
import,Netherlands,2013,204420000.0,
import,Poland,2013,197040000.0,
import,Portugal,2013,63780000.0,
import,Romania,2013,58260000.0,
import,Slovakia,2013,47880000.0,
import,Slovenia,2013,15480000.0,
import,Spain,2013,308220000.0,
import,Sweden,2013,102540000.0,
import,Japan,2013,502860000.0,
import,Norway,2013,46860000.0,
import,Russian Federation,2013,264600000.0,
import,Switzerland,2013,160020000.0,
import,Tunisia,2013,26340000.0,
import,United Kingdom,2013,252360000.0,
import,United States of America,2013,1620960000.0,
import,Austria,2014,91500000.0,
import,Belgium,2014,312720000.0,
import,Belgium/Luxembourg,2014,,
import,Bulgaria,2014,37260000.0,
import,Croatia,2014,25200000.0,
import,Cyprus,2014,5640000.0,
import,Czechia,2014,109380000.0,
import,Denmark,2014,51180000.0,
import,Estonia,2014,7860000.0,
import,Finland,2014,72780000.0,
import,France,2014,426720000.0,
import,Germany,2014,1324680000.0,
import,Greece,2014,74040000.0,
import,Hungary,2014,49980000.0,
import,Ireland,2014,17520000.0,
import,Italy,2014,561000000.0,
import,Latvia,2014,12780000.0,
import,Lithuania,2014,23760000.0,
import,Luxembourg,2014,24780000.0,
import,Malta,2014,1500000.0,
import,Netherlands,2014,240960000.0,
import,Poland,2014,193740000.0,
import,Portugal,2014,63600000.0,
import,Romania,2014,57480000.0,
import,Slovakia,2014,55140000.0,
import,Slovenia,2014,16140000.0,
import,Spain,2014,324360000.0,
import,Sweden,2014,131880000.0,
import,Japan,2014,459420000.0,
import,Norway,2014,44580000.0,
import,Russian Federation,2014,284820000.0,
import,Switzerland,2014,158580000.0,
import,Tunisia,2014,27600000.0,
import,United Kingdom,2014,259140000.0,
import,United States of America,2014,1653900000.0,
import,Austria,2015,90780000.0,
import,Belgium,2015,332040000.0,
import,Belgium/Luxembourg,2015,,
import,Bulgaria,2015,40920000.0,
import,Croatia,2015,26220000.0,
import,Cyprus,2015,5340000.0,
import,Czechia,2015,124080000.0,
import,Denmark,2015,50460000.0,
import,Estonia,2015,7560000.0,
import,Finland,2015,79260000.0,
import,France,2015,408540000.0,
import,Germany,2015,1278960000.0,
import,Greece,2015,72600000.0,
import,Hungary,2015,42840000.0,
import,Ireland,2015,21420000.0,
import,Italy,2015,559680000.0,
import,Latvia,2015,12120000.0,
import,Lithuania,2015,25680000.0,
import,Luxembourg,2015,22560000.0,
import,Malta,2015,960000.0,
import,Netherlands,2015,250560000.0,
import,Poland,2015,219960000.0,
import,Portugal,2015,62640000.0,
import,Romania,2015,60720000.0,
import,Slovakia,2015,54600000.0,
import,Slovenia,2015,16320000.0,
import,Spain,2015,325740000.0,
import,Sweden,2015,127260000.0,
import,Japan,2015,483780000.0,
import,Norway,2015,48000000.0,
import,Russian Federation,2015,282600000.0,
import,Switzerland,2015,164880000.0,
import,Tunisia,2015,27540000.0,
import,United Kingdom,2015,293700000.0,
import,United States of America,2015,1662480000.0,
import,Austria,2016,89700000.0,
import,Belgium,2016,363120000.0,
import,Belgium/Luxembourg,2016,,
import,Bulgaria,2016,46740000.0,
import,Croatia,2016,28740000.0,
import,Cyprus,2016,5580000.0,
import,Czechia,2016,106740000.0,
import,Denmark,2016,54360000.0,
import,Estonia,2016,8100000.0,
import,Finland,2016,83340000.0,
import,France,2016,404280000.0,
import,Germany,2016,1342080000.0,
import,Greece,2016,95040000.0,
import,Hungary,2016,43500000.0,
import,Ireland,2016,24180000.0,
import,Italy,2016,613440000.0,
import,Latvia,2016,13860000.0,
import,Lithuania,2016,29940000.0,
import,Luxembourg,2016,23640000.0,
import,Malta,2016,1140000.0,
import,Netherlands,2016,286860000.0,
import,Poland,2016,229620000.0,
import,Portugal,2016,67680000.0,
import,Romania,2016,68040000.0,
import,Slovakia,2016,54360000.0,
import,Slovenia,2016,19380000.0,
import,Spain,2016,339600000.0,
import,Sweden,2016,141000000.0,
import,Japan,2016,481560000.0,
import,Norway,2016,47940000.0,
import,Russian Federation,2016,313980000.0,
import,Switzerland,2016,168960000.0,
import,Tunisia,2016,27960000.0,
import,United Kingdom,2016,303120000.0,
import,United States of America,2016,1730280000.0,
import,Austria,2017,87600000.0,
import,Belgium,2017,340620000.0,
import,Belgium/Luxembourg,2017,,
import,Bulgaria,2017,42420000.0,
import,Croatia,2017,26340000.0,
import,Cyprus,2017,6000000.0,
import,Czechia,2017,90420000.0,
import,Denmark,2017,51120000.0,
import,Estonia,2017,7980000.0,
import,Finland,2017,81600000.0,
import,France,2017,418020000.0,
import,Germany,2017,1305900000.0,
import,Greece,2017,52020000.0,
import,Hungary,2017,43320000.0,
import,Ireland,2017,25620000.0,
import,Italy,2017,601200000.0,
import,Latvia,2017,13740000.0,
import,Lithuania,2017,25920000.0,
import,Luxembourg,2017,22800000.0,
import,Malta,2017,1020000.0,
import,Netherlands,2017,304080000.0,
import,Poland,2017,239940000.0,
import,Portugal,2017,65640000.0,
import,Romania,2017,69300000.0,
import,Slovakia,2017,43380000.0,
import,Slovenia,2017,24060000.0,
import,Spain,2017,324840000.0,
import,Sweden,2017,138360000.0,
import,Japan,2017,458820000.0,
import,Norway,2017,48060000.0,
import,Russian Federation,2017,328080000.0,
import,Switzerland,2017,174240000.0,
import,Tunisia,2017,32760000.0,
import,United Kingdom,2017,299340000.0,
import,United States of America,2017,1769280000.0,
import,Austria,2018,85740000.0,
import,Belgium,2018,344520000.0,
import,Belgium/Luxembourg,2018,,
import,Bulgaria,2018,44220000.0,
import,Croatia,2018,26760000.0,
import,Cyprus,2018,7980000.0,
import,Czechia,2018,114180000.0,
import,Denmark,2018,52080000.0,
import,Estonia,2018,8820000.0,
import,Finland,2018,77100000.0,
import,France,2018,457440000.0,
import,Germany,2018,1328820000.0,
import,Greece,2018,69600000.0,
import,Hungary,2018,46740000.0,
import,Ireland,2018,26400000.0,
import,Italy,2018,638340000.0,
import,Latvia,2018,14580000.0,
import,Lithuania,2018,26460000.0,
import,Luxembourg,2018,25980000.0,
import,Malta,2018,1140000.0,
import,Netherlands,2018,331200000.0,
import,Poland,2018,259500000.0,
import,Portugal,2018,68400000.0,
import,Romania,2018,70440000.0,
import,Slovakia,2018,53400000.0,
import,Slovenia,2018,33000000.0,
import,Spain,2018,340380000.0,
import,Sweden,2018,135720000.0,
import,Japan,2018,452400000.0,
import,Norway,2018,44580000.0,
import,Russian Federation,2018,317280000.0,
import,Switzerland,2018,185160000.0,
import,Tunisia,2018,31980000.0,
import,United Kingdom,2018,341280000.0,
import,United States of America,2018,1735080000.0,
import,Austria,2019,86880000.0,
import,Belgium,2019,371940000.0,
import,Belgium/Luxembourg,2019,,
import,Bulgaria,2019,47100000.0,
import,Croatia,2019,27960000.0,
import,Cyprus,2019,7980000.0,
import,Czechia,2019,96540000.0,
import,Denmark,2019,54480000.0,
import,Estonia,2019,8880000.0,
import,Finland,2019,90900000.0,
import,France,2019,479580000.0,
import,Germany,2019,1345920000.0,
import,Greece,2019,74760000.0,
import,Hungary,2019,46380000.0,
import,Ireland,2019,26280000.0,
import,Italy,2019,654840000.0,
import,Latvia,2019,14100000.0,
import,Lithuania,2019,28440000.0,
import,Luxembourg,2019,24120000.0,
import,Malta,2019,1380000.0,
import,Netherlands,2019,321240000.0,
import,Poland,2019,267120000.0,
import,Portugal,2019,73200000.0,
import,Romania,2019,69900000.0,
import,Slovakia,2019,46380000.0,
import,Slovenia,2019,37200000.0,
import,Spain,2019,359040000.0,
import,Sweden,2019,140880000.0,
import,Japan,2019,482400000.0,
import,Norway,2019,47160000.0,
import,Russian Federation,2019,355020000.0,
import,Switzerland,2019,193680000.0,
import,Tunisia,2019,30480000.0,
import,United Kingdom,2019,333240000.0,
import,United States of America,2019,1851240000.0,
consumption,Austria,1990,80400000.0,
consumption,Belgium,1990,,
consumption,Belgium/Luxembourg,1990,67440000.0,
consumption,Bulgaria,1990,6120000.0,
consumption,Croatia,1990,,
consumption,Cyprus,1990,1860000.0,
consumption,Czechia,1990,39540000.0,
consumption,Denmark,1990,51900000.0,
consumption,Estonia,1990,,
consumption,Finland,1990,64200000.0,
consumption,France,1990,312300000.0,
consumption,Germany,1990,436740000.0,
consumption,Greece,1990,37860000.0,
consumption,Hungary,1990,34440000.0,
consumption,Ireland,1990,7200000.0,
consumption,Italy,1990,289920000.0,
consumption,Latvia,1990,,
consumption,Lithuania,1990,,
consumption,Luxembourg,1990,,
consumption,Malta,1990,1200000.0,
consumption,Netherlands,1990,142980000.0,
consumption,Poland,1990,20100000.0,
consumption,Portugal,1990,28020000.0,
consumption,Romania,1990,26520000.0,
consumption,Slovakia,1990,,
consumption,Slovenia,1990,,
consumption,Spain,1990,162840000.0,
consumption,Sweden,1990,101340000.0,
consumption,Japan,1990,303600000.0,
consumption,Norway,1990,43620000.0,
consumption,Russian Federation,1990,,
consumption,Switzerland,1990,54420000.0,
consumption,Tunisia,1990,6060000.0,
consumption,United Kingdom,1990,140880000.0,
consumption,United States of America,1990,1097880000.0,
consumption,Austria,1991,78120000.0,
consumption,Belgium,1991,,
consumption,Belgium/Luxembourg,1991,42480000.0,
consumption,Bulgaria,1991,1020000.0,
consumption,Croatia,1991,,
consumption,Cyprus,1991,2700000.0,
consumption,Czechia,1991,31500000.0,
consumption,Denmark,1991,54540000.0,
consumption,Estonia,1991,,
consumption,Finland,1991,57960000.0,
consumption,France,1991,333420000.0,
consumption,Germany,1991,742620000.0,
consumption,Greece,1991,23220000.0,
consumption,Hungary,1991,22800000.0,
consumption,Ireland,1991,6780000.0,
consumption,Italy,1991,255240000.0,
consumption,Latvia,1991,,
consumption,Lithuania,1991,,
consumption,Luxembourg,1991,,
consumption,Malta,1991,780000.0,
consumption,Netherlands,1991,149280000.0,
consumption,Poland,1991,14580000.0,
consumption,Portugal,1991,26880000.0,
consumption,Romania,1991,20100000.0,
consumption,Slovakia,1991,,
consumption,Slovenia,1991,,
consumption,Spain,1991,159060000.0,
consumption,Sweden,1991,96240000.0,
consumption,Japan,1991,348540000.0,
consumption,Norway,1991,45480000.0,
consumption,Russian Federation,1991,,
consumption,Switzerland,1991,56940000.0,
consumption,Tunisia,1991,5400000.0,
consumption,United Kingdom,1991,140520000.0,
consumption,United States of America,1991,1119660000.0,
consumption,Austria,1992,72720000.0,
consumption,Belgium,1992,,
consumption,Belgium/Luxembourg,1992,41760000.0,
consumption,Bulgaria,1992,10500000.0,
consumption,Croatia,1992,8100000.0,
consumption,Cyprus,1992,2340000.0,
consumption,Czechia,1992,28320000.0,
consumption,Denmark,1992,57540000.0,
consumption,Estonia,1992,780000.0,
consumption,Finland,1992,61800000.0,
consumption,France,1992,336840000.0,
consumption,Germany,1992,574200000.0,
consumption,Greece,1992,19200000.0,
consumption,Hungary,1992,20880000.0,
consumption,Ireland,1992,5460000.0,
consumption,Italy,1992,247920000.0,
consumption,Latvia,1992,1140000.0,
consumption,Lithuania,1992,120000.0,
consumption,Luxembourg,1992,,
consumption,Malta,1992,960000.0,
consumption,Netherlands,1992,195660000.0,
consumption,Poland,1992,99000000.0,
consumption,Portugal,1992,34380000.0,
consumption,Romania,1992,36060000.0,
consumption,Slovakia,1992,,
consumption,Slovenia,1992,6900000.0,
consumption,Spain,1992,182700000.0,
consumption,Sweden,1992,98040000.0,
consumption,Japan,1992,307920000.0,
consumption,Norway,1992,44160000.0,
consumption,Russian Federation,1992,82620000.0,
consumption,Switzerland,1992,59700000.0,
consumption,Tunisia,1992,6660000.0,
consumption,United Kingdom,1992,150960000.0,
consumption,United States of America,1992,1097400000.0,
consumption,Austria,1993,80100000.0,
consumption,Belgium,1993,,
consumption,Belgium/Luxembourg,1993,47340000.0,
consumption,Bulgaria,1993,19620000.0,
consumption,Croatia,1993,7920000.0,
consumption,Cyprus,1993,4680000.0,
consumption,Czechia,1993,26880000.0,
consumption,Denmark,1993,53460000.0,
consumption,Estonia,1993,2640000.0,
consumption,Finland,1993,67740000.0,
consumption,France,1993,330420000.0,
consumption,Germany,1993,679500000.0,
consumption,Greece,1993,8880000.0,
consumption,Hungary,1993,33420000.0,
consumption,Ireland,1993,6420000.0,
consumption,Italy,1993,293280000.0,
consumption,Latvia,1993,2460000.0,
consumption,Lithuania,1993,540000.0,
consumption,Luxembourg,1993,,
consumption,Malta,1993,1320000.0,
consumption,Netherlands,1993,163140000.0,
consumption,Poland,1993,92700000.0,
consumption,Portugal,1993,31740000.0,
consumption,Romania,1993,25200000.0,
consumption,Slovakia,1993,16560000.0,
consumption,Slovenia,1993,8880000.0,
consumption,Spain,1993,163680000.0,
consumption,Sweden,1993,97080000.0,
consumption,Japan,1993,344400000.0,
consumption,Norway,1993,41400000.0,
consumption,Russian Federation,1993,107700000.0,
consumption,Switzerland,1993,52140000.0,
consumption,Tunisia,1993,6060000.0,
consumption,United Kingdom,1993,152040000.0,
consumption,United States of America,1993,1153020000.0,
consumption,Austria,1994,65160000.0,
consumption,Belgium,1994,,
consumption,Belgium/Luxembourg,1994,57480000.0,
consumption,Bulgaria,1994,21180000.0,
consumption,Croatia,1994,9840000.0,
consumption,Cyprus,1994,2700000.0,
consumption,Czechia,1994,30540000.0,
consumption,Denmark,1994,54480000.0,
consumption,Estonia,1994,3780000.0,
consumption,Finland,1994,63000000.0,
consumption,France,1994,306660000.0,
consumption,Germany,1994,492840000.0,
consumption,Greece,1994,21360000.0,
consumption,Hungary,1994,43440000.0,
consumption,Ireland,1994,7620000.0,
consumption,Italy,1994,286440000.0,
consumption,Latvia,1994,360000.0,
consumption,Lithuania,1994,2220000.0,
consumption,Luxembourg,1994,,
consumption,Malta,1994,720000.0,
consumption,Netherlands,1994,127320000.0,
consumption,Poland,1994,104520000.0,
consumption,Portugal,1994,40380000.0,
consumption,Romania,1994,20820000.0,
consumption,Slovakia,1994,14040000.0,
consumption,Slovenia,1994,9120000.0,
consumption,Spain,1994,166440000.0,
consumption,Sweden,1994,100140000.0,
consumption,Japan,1994,358380000.0,
consumption,Norway,1994,48000000.0,
consumption,Russian Federation,1994,102720000.0,
consumption,Switzerland,1994,56640000.0,
consumption,Tunisia,1994,8220000.0,
consumption,United Kingdom,1994,158400000.0,
consumption,United States of America,1994,1039560000.0,
consumption,Austria,1995,60720000.0,
consumption,Belgium,1995,,
consumption,Belgium/Luxembourg,1995,64380000.0,
consumption,Bulgaria,1995,23580000.0,
consumption,Croatia,1995,17280000.0,
consumption,Cyprus,1995,2580000.0,
consumption,Czechia,1995,30660000.0,
consumption,Denmark,1995,45480000.0,
consumption,Estonia,1995,4980000.0,
consumption,Finland,1995,44100000.0,
consumption,France,1995,318780000.0,
consumption,Germany,1995,673860000.0,
consumption,Greece,1995,22980000.0,
consumption,Hungary,1995,26820000.0,
consumption,Ireland,1995,6420000.0,
consumption,Italy,1995,278640000.0,
consumption,Latvia,1995,840000.0,
consumption,Lithuania,1995,4080000.0,
consumption,Luxembourg,1995,,
consumption,Malta,1995,1260000.0,
consumption,Netherlands,1995,137580000.0,
consumption,Poland,1995,98220000.0,
consumption,Portugal,1995,37920000.0,
consumption,Romania,1995,33000000.0,
consumption,Slovakia,1995,13380000.0,
consumption,Slovenia,1995,8400000.0,
consumption,Spain,1995,163920000.0,
consumption,Sweden,1995,72240000.0,
consumption,Japan,1995,366960000.0,
consumption,Norway,1995,39420000.0,
consumption,Russian Federation,1995,99000000.0,
consumption,Switzerland,1995,56100000.0,
consumption,Tunisia,1995,8220000.0,
consumption,United Kingdom,1995,132000000.0,
consumption,United States of America,1995,1041780000.0,
consumption,Austria,1996,64560000.0,
consumption,Belgium,1996,,
consumption,Belgium/Luxembourg,1996,62340000.0,
consumption,Bulgaria,1996,14760000.0,
consumption,Croatia,1996,18240000.0,
consumption,Cyprus,1996,3120000.0,
consumption,Czechia,1996,28500000.0,
consumption,Denmark,1996,53700000.0,
consumption,Estonia,1996,5040000.0,
consumption,Finland,1996,54060000.0,
consumption,France,1996,330720000.0,
consumption,Germany,1996,635640000.0,
consumption,Greece,1996,42900000.0,
consumption,Hungary,1996,34260000.0,
consumption,Ireland,1996,5220000.0,
consumption,Italy,1996,286560000.0,
consumption,Latvia,1996,3000000.0,
consumption,Lithuania,1996,3960000.0,
consumption,Luxembourg,1996,,
consumption,Malta,1996,540000.0,
consumption,Netherlands,1996,150540000.0,
consumption,Poland,1996,105300000.0,
consumption,Portugal,1996,36900000.0,
consumption,Romania,1996,41760000.0,
consumption,Slovakia,1996,14640000.0,
consumption,Slovenia,1996,9840000.0,
consumption,Spain,1996,174060000.0,
consumption,Sweden,1996,77880000.0,
consumption,Japan,1996,350280000.0,
consumption,Norway,1996,42780000.0,
consumption,Russian Federation,1996,63780000.0,
consumption,Switzerland,1996,55320000.0,
consumption,Tunisia,1996,8640000.0,
consumption,United Kingdom,1996,144360000.0,
consumption,United States of America,1996,1083540000.0,
consumption,Austria,1997,65220000.0,
consumption,Belgium,1997,,
consumption,Belgium/Luxembourg,1997,53160000.0,
consumption,Bulgaria,1997,16500000.0,
consumption,Croatia,1997,21660000.0,
consumption,Cyprus,1997,2760000.0,
consumption,Czechia,1997,29100000.0,
consumption,Denmark,1997,48480000.0,
consumption,Estonia,1997,5940000.0,
consumption,Finland,1997,56340000.0,
consumption,France,1997,329220000.0,
consumption,Germany,1997,580200000.0,
consumption,Greece,1997,44340000.0,
consumption,Hungary,1997,36120000.0,
consumption,Ireland,1997,5820000.0,
consumption,Italy,1997,294780000.0,
consumption,Latvia,1997,7200000.0,
consumption,Lithuania,1997,6480000.0,
consumption,Luxembourg,1997,,
consumption,Malta,1997,540000.0,
consumption,Netherlands,1997,142020000.0,
consumption,Poland,1997,117960000.0,
consumption,Portugal,1997,36180000.0,
consumption,Romania,1997,37800000.0,
consumption,Slovakia,1997,14040000.0,
consumption,Slovenia,1997,9660000.0,
consumption,Spain,1997,178620000.0,
consumption,Sweden,1997,74460000.0,
consumption,Japan,1997,358080000.0,
consumption,Norway,1997,40500000.0,
consumption,Russian Federation,1997,111420000.0,
consumption,Switzerland,1997,42720000.0,
consumption,Tunisia,1997,9900000.0,
consumption,United Kingdom,1997,146460000.0,
consumption,United States of America,1997,1067700000.0,
consumption,Austria,1998,66300000.0,
consumption,Belgium,1998,,
consumption,Belgium/Luxembourg,1998,78540000.0,
consumption,Bulgaria,1998,19440000.0,
consumption,Croatia,1998,19200000.0,
consumption,Cyprus,1998,2760000.0,
consumption,Czechia,1998,31380000.0,
consumption,Denmark,1998,51240000.0,
consumption,Estonia,1998,5400000.0,
consumption,Finland,1998,60060000.0,
consumption,France,1998,321060000.0,
consumption,Germany,1998,598560000.0,
consumption,Greece,1998,40080000.0,
consumption,Hungary,1998,39120000.0,
consumption,Ireland,1998,5520000.0,
consumption,Italy,1998,296160000.0,
consumption,Latvia,1998,8040000.0,
consumption,Lithuania,1998,8100000.0,
consumption,Luxembourg,1998,,
consumption,Malta,1998,420000.0,
consumption,Netherlands,1998,117660000.0,
consumption,Poland,1998,117900000.0,
consumption,Portugal,1998,41760000.0,
consumption,Romania,1998,35040000.0,
consumption,Slovakia,1998,14460000.0,
consumption,Slovenia,1998,9720000.0,
consumption,Spain,1998,179760000.0,
consumption,Sweden,1998,74880000.0,
consumption,Japan,1998,363120000.0,
consumption,Norway,1998,42120000.0,
consumption,Russian Federation,1998,98820000.0,
consumption,Switzerland,1998,48660000.0,
consumption,Tunisia,1998,8820000.0,
consumption,United Kingdom,1998,155280000.0,
consumption,United States of America,1998,1116240000.0,
consumption,Austria,1999,67380000.0,
consumption,Belgium,1999,50040000.0,
consumption,Belgium/Luxembourg,1999,,
consumption,Bulgaria,1999,21780000.0,
consumption,Croatia,1999,20220000.0,
consumption,Cyprus,1999,3240000.0,
consumption,Czechia,1999,33480000.0,
consumption,Denmark,1999,52140000.0,
consumption,Estonia,1999,5700000.0,
consumption,Finland,1999,58740000.0,
consumption,France,1999,334680000.0,
consumption,Germany,1999,584880000.0,
consumption,Greece,1999,38460000.0,
consumption,Hungary,1999,39420000.0,
consumption,Ireland,1999,8100000.0,
consumption,Italy,1999,295140000.0,
consumption,Latvia,1999,9960000.0,
consumption,Lithuania,1999,9480000.0,
consumption,Luxembourg,1999,3660000.0,
consumption,Malta,1999,540000.0,
consumption,Netherlands,1999,88260000.0,
consumption,Poland,1999,119100000.0,
consumption,Portugal,1999,44220000.0,
consumption,Romania,1999,30420000.0,
consumption,Slovakia,1999,14940000.0,
consumption,Slovenia,1999,10260000.0,
consumption,Spain,1999,199440000.0,
consumption,Sweden,1999,76740000.0,
consumption,Japan,1999,376380000.0,
consumption,Norway,1999,47100000.0,
consumption,Russian Federation,1999,81120000.0,
consumption,Switzerland,1999,51780000.0,
consumption,Tunisia,1999,11100000.0,
consumption,United Kingdom,1999,136560000.0,
consumption,United States of America,1999,1161540000.0,
consumption,Austria,2000,52500000.0,
consumption,Belgium,2000,67980000.0,
consumption,Belgium/Luxembourg,2000,,
consumption,Bulgaria,2000,16500000.0,
consumption,Croatia,2000,19620000.0,
consumption,Cyprus,2000,4020000.0,
consumption,Czechia,2000,33600000.0,
consumption,Denmark,2000,47460000.0,
consumption,Estonia,2000,5820000.0,
consumption,Finland,2000,58020000.0,
consumption,France,2000,324120000.0,
consumption,Germany,2000,526200000.0,
consumption,Greece,2000,41220000.0,
consumption,Hungary,2000,37980000.0,
consumption,Ireland,2000,4980000.0,
consumption,Italy,2000,308940000.0,
consumption,Latvia,2000,9720000.0,
consumption,Lithuania,2000,10380000.0,
consumption,Luxembourg,2000,8640000.0,
consumption,Malta,2000,540000.0,
consumption,Netherlands,2000,111600000.0,
consumption,Poland,2000,122760000.0,
consumption,Portugal,2000,38760000.0,
consumption,Romania,2000,33060000.0,
consumption,Slovakia,2000,15780000.0,
consumption,Slovenia,2000,10380000.0,
consumption,Spain,2000,179460000.0,
consumption,Sweden,2000,70380000.0,
consumption,Japan,2000,397560000.0,
consumption,Norway,2000,39420000.0,
consumption,Russian Federation,2000,111780000.0,
consumption,Switzerland,2000,49620000.0,
consumption,Tunisia,2000,11520000.0,
consumption,United Kingdom,2000,140520000.0,
consumption,United States of America,2000,1124760000.0,
consumption,Austria,2001,60780000.0,
consumption,Belgium,2001,53040000.0,
consumption,Belgium/Luxembourg,2001,,
consumption,Bulgaria,2001,21000000.0,
consumption,Croatia,2001,20220000.0,
consumption,Cyprus,2001,3180000.0,
consumption,Czechia,2001,37980000.0,
consumption,Denmark,2001,52080000.0,
consumption,Estonia,2001,6420000.0,
consumption,Finland,2001,56820000.0,
consumption,France,2001,315180000.0,
consumption,Germany,2001,543540000.0,
consumption,Greece,2001,32880000.0,
consumption,Hungary,2001,38820000.0,
consumption,Ireland,2001,8760000.0,
consumption,Italy,2001,314580000.0,
consumption,Latvia,2001,9000000.0,
consumption,Lithuania,2001,12240000.0,
consumption,Luxembourg,2001,7980000.0,
consumption,Malta,2001,540000.0,
consumption,Netherlands,2001,100620000.0,
consumption,Poland,2001,133320000.0,
consumption,Portugal,2001,44700000.0,
consumption,Romania,2001,37980000.0,
consumption,Slovakia,2001,17040000.0,
consumption,Slovenia,2001,10980000.0,
consumption,Spain,2001,167700000.0,
consumption,Sweden,2001,75060000.0,
consumption,Japan,2001,416160000.0,
consumption,Norway,2001,42600000.0,
consumption,Russian Federation,2001,181920000.0,
consumption,Switzerland,2001,48960000.0,
consumption,Tunisia,2001,13920000.0,
consumption,United Kingdom,2001,132900000.0,
consumption,United States of America,2001,1173240000.0,
consumption,Austria,2002,55560000.0,
consumption,Belgium,2002,89040000.0,
consumption,Belgium/Luxembourg,2002,,
consumption,Bulgaria,2002,20460000.0,
consumption,Croatia,2002,21300000.0,
consumption,Cyprus,2002,3060000.0,
consumption,Czechia,2002,38520000.0,
consumption,Denmark,2002,48300000.0,
consumption,Estonia,2002,6660000.0,
consumption,Finland,2002,58200000.0,
consumption,France,2002,331560000.0,
consumption,Germany,2002,509880000.0,
consumption,Greece,2002,49620000.0,
consumption,Hungary,2002,38220000.0,
consumption,Ireland,2002,8160000.0,
consumption,Italy,2002,310920000.0,
consumption,Latvia,2002,8700000.0,
consumption,Lithuania,2002,12480000.0,
consumption,Luxembourg,2002,10320000.0,
consumption,Malta,2002,540000.0,
consumption,Netherlands,2002,94440000.0,
consumption,Poland,2002,132060000.0,
consumption,Portugal,2002,43200000.0,
consumption,Romania,2002,44280000.0,
consumption,Slovakia,2002,16500000.0,
consumption,Slovenia,2002,11280000.0,
consumption,Spain,2002,169980000.0,
consumption,Sweden,2002,73440000.0,
consumption,Japan,2002,412500000.0,
consumption,Norway,2002,41520000.0,
consumption,Russian Federation,2002,207060000.0,
consumption,Switzerland,2002,49260000.0,
consumption,Tunisia,2002,14040000.0,
consumption,United Kingdom,2002,135660000.0,
consumption,United States of America,2002,1147500000.0,
consumption,Austria,2003,43200000.0,
consumption,Belgium,2003,94740000.0,
consumption,Belgium/Luxembourg,2003,,
consumption,Bulgaria,2003,23820000.0,
consumption,Croatia,2003,22500000.0,
consumption,Cyprus,2003,3180000.0,
consumption,Czechia,2003,37380000.0,
consumption,Denmark,2003,43440000.0,
consumption,Estonia,2003,6840000.0,
consumption,Finland,2003,57960000.0,
consumption,France,2003,323640000.0,
consumption,Germany,2003,569940000.0,
consumption,Greece,2003,55740000.0,
consumption,Hungary,2003,38760000.0,
consumption,Ireland,2003,9060000.0,
consumption,Italy,2003,330420000.0,
consumption,Latvia,2003,9540000.0,
consumption,Lithuania,2003,10380000.0,
consumption,Luxembourg,2003,11400000.0,
consumption,Malta,2003,660000.0,
consumption,Netherlands,2003,104580000.0,
consumption,Poland,2003,134520000.0,
consumption,Portugal,2003,39420000.0,
consumption,Romania,2003,45300000.0,
consumption,Slovakia,2003,17100000.0,
consumption,Slovenia,2003,10020000.0,
consumption,Spain,2003,164400000.0,
consumption,Sweden,2003,70680000.0,
consumption,Japan,2003,406200000.0,
consumption,Norway,2003,40980000.0,
consumption,Russian Federation,2003,220740000.0,
consumption,Switzerland,2003,51120000.0,
consumption,Tunisia,2003,7200000.0,
consumption,United Kingdom,2003,134160000.0,
consumption,United States of America,2003,1211580000.0,
consumption,Austria,2004,59760000.0,
consumption,Belgium,2004,83760000.0,
consumption,Belgium/Luxembourg,2004,,
consumption,Bulgaria,2004,21840000.0,
consumption,Croatia,2004,22200000.0,
consumption,Cyprus,2004,3600000.0,
consumption,Czechia,2004,36300000.0,
consumption,Denmark,2004,50940000.0,
consumption,Estonia,2004,7740000.0,
consumption,Finland,2004,62040000.0,
consumption,France,2004,295740000.0,
consumption,Germany,2004,626700000.0,
consumption,Greece,2004,52260000.0,
consumption,Hungary,2004,42480000.0,
consumption,Ireland,2004,13500000.0,
consumption,Italy,2004,328140000.0,
consumption,Latvia,2004,9300000.0,
consumption,Lithuania,2004,11820000.0,
consumption,Luxembourg,2004,13260000.0,
consumption,Malta,2004,960000.0,
consumption,Netherlands,2004,118680000.0,
consumption,Poland,2004,136860000.0,
consumption,Portugal,2004,45780000.0,
consumption,Romania,2004,49080000.0,
consumption,Slovakia,2004,16980000.0,
consumption,Slovenia,2004,11100000.0,
consumption,Spain,2004,162300000.0,
consumption,Sweden,2004,74040000.0,
consumption,Japan,2004,427020000.0,
consumption,Norway,2004,42540000.0,
consumption,Russian Federation,2004,184620000.0,
consumption,Switzerland,2004,43320000.0,
consumption,Tunisia,2004,15780000.0,
consumption,United Kingdom,2004,147480000.0,
consumption,United States of America,2004,1258380000.0,
consumption,Austria,2005,46320000.0,
consumption,Belgium,2005,69480000.0,
consumption,Belgium/Luxembourg,2005,,
consumption,Bulgaria,2005,25800000.0,
consumption,Croatia,2005,22440000.0,
consumption,Cyprus,2005,4200000.0,
consumption,Czechia,2005,39360000.0,
consumption,Denmark,2005,47700000.0,
consumption,Estonia,2005,8700000.0,
consumption,Finland,2005,66120000.0,
consumption,France,2005,287220000.0,
consumption,Germany,2005,519900000.0,
consumption,Greece,2005,52200000.0,
consumption,Hungary,2005,34200000.0,
consumption,Ireland,2005,13380000.0,
consumption,Italy,2005,333120000.0,
consumption,Latvia,2005,8640000.0,
consumption,Lithuania,2005,11580000.0,
consumption,Luxembourg,2005,13620000.0,
consumption,Malta,2005,960000.0,
consumption,Netherlands,2005,115620000.0,
consumption,Poland,2005,136020000.0,
consumption,Portugal,2005,44640000.0,
consumption,Romania,2005,51420000.0,
consumption,Slovakia,2005,17580000.0,
consumption,Slovenia,2005,10860000.0,
consumption,Spain,2005,180420000.0,
consumption,Sweden,2005,70200000.0,
consumption,Japan,2005,427680000.0,
consumption,Norway,2005,44580000.0,
consumption,Russian Federation,2005,191100000.0,
consumption,Switzerland,2005,65940000.0,
consumption,Tunisia,2005,11400000.0,
consumption,United Kingdom,2005,160800000.0,
consumption,United States of America,2005,1259880000.0,
consumption,Austria,2006,36720000.0,
consumption,Belgium,2006,92220000.0,
consumption,Belgium/Luxembourg,2006,,
consumption,Bulgaria,2006,25200000.0,
consumption,Croatia,2006,23160000.0,
consumption,Cyprus,2006,3300000.0,
consumption,Czechia,2006,37860000.0,
consumption,Denmark,2006,49320000.0,
consumption,Estonia,2006,10020000.0,
consumption,Finland,2006,62820000.0,
consumption,France,2006,316680000.0,
consumption,Germany,2006,549060000.0,
consumption,Greece,2006,51420000.0,
consumption,Hungary,2006,35880000.0,
consumption,Ireland,2006,12180000.0,
consumption,Italy,2006,335580000.0,
consumption,Latvia,2006,10860000.0,
consumption,Lithuania,2006,12780000.0,
consumption,Luxembourg,2006,13980000.0,
consumption,Malta,2006,1740000.0,
consumption,Netherlands,2006,127740000.0,
consumption,Poland,2006,119580000.0,
consumption,Portugal,2006,46080000.0,
consumption,Romania,2006,50100000.0,
consumption,Slovakia,2006,16860000.0,
consumption,Slovenia,2006,10560000.0,
consumption,Spain,2006,181020000.0,
consumption,Sweden,2006,78900000.0,
consumption,Japan,2006,436080000.0,
consumption,Norway,2006,43260000.0,
consumption,Russian Federation,2006,193260000.0,
consumption,Switzerland,2006,55920000.0,
consumption,Tunisia,2006,12000000.0,
consumption,United Kingdom,2006,183540000.0,
consumption,United States of America,2006,1240020000.0,
consumption,Austria,2007,50820000.0,
consumption,Belgium,2007,66180000.0,
consumption,Belgium/Luxembourg,2007,,
consumption,Bulgaria,2007,21840000.0,
consumption,Croatia,2007,23160000.0,
consumption,Cyprus,2007,4140000.0,
consumption,Czechia,2007,40740000.0,
consumption,Denmark,2007,47640000.0,
consumption,Estonia,2007,6060000.0,
consumption,Finland,2007,63420000.0,
consumption,France,2007,337680000.0,
consumption,Germany,2007,517620000.0,
consumption,Greece,2007,60900000.0,
consumption,Hungary,2007,31320000.0,
consumption,Ireland,2007,14640000.0,
consumption,Italy,2007,349260000.0,
consumption,Latvia,2007,7860000.0,
consumption,Lithuania,2007,13800000.0,
consumption,Luxembourg,2007,15060000.0,
consumption,Malta,2007,960000.0,
consumption,Netherlands,2007,137520000.0,
consumption,Poland,2007,93240000.0,
consumption,Portugal,2007,46140000.0,
consumption,Romania,2007,49440000.0,
consumption,Slovakia,2007,21360000.0,
consumption,Slovenia,2007,11700000.0,
consumption,Spain,2007,191880000.0,
consumption,Sweden,2007,74640000.0,
consumption,Japan,2007,436920000.0,
consumption,Norway,2007,46260000.0,
consumption,Russian Federation,2007,238620000.0,
consumption,Switzerland,2007,59340000.0,
consumption,Tunisia,2007,15180000.0,
consumption,United Kingdom,2007,169440000.0,
consumption,United States of America,2007,1261980000.0,
consumption,Austria,2008,54480000.0,
consumption,Belgium,2008,39000000.0,
consumption,Belgium/Luxembourg,2008,,
consumption,Bulgaria,2008,26700000.0,
consumption,Croatia,2008,22620000.0,
consumption,Cyprus,2008,4620000.0,
consumption,Czechia,2008,37260000.0,
consumption,Denmark,2008,41280000.0,
consumption,Estonia,2008,9240000.0,
consumption,Finland,2008,66900000.0,
consumption,France,2008,309120000.0,
consumption,Germany,2008,572100000.0,
consumption,Greece,2008,58680000.0,
consumption,Hungary,2008,29640000.0,
consumption,Ireland,2008,6900000.0,
consumption,Italy,2008,353520000.0,
consumption,Latvia,2008,6900000.0,
consumption,Lithuania,2008,12240000.0,
consumption,Luxembourg,2008,14340000.0,
consumption,Malta,2008,1380000.0,
consumption,Netherlands,2008,79440000.0,
consumption,Poland,2008,100860000.0,
consumption,Portugal,2008,44820000.0,
consumption,Romania,2008,48420000.0,
consumption,Slovakia,2008,20460000.0,
consumption,Slovenia,2008,11640000.0,
consumption,Spain,2008,209100000.0,
consumption,Sweden,2008,76320000.0,
consumption,Japan,2008,423900000.0,
consumption,Norway,2008,42900000.0,
consumption,Russian Federation,2008,217980000.0,
consumption,Switzerland,2008,68940000.0,
consumption,Tunisia,2008,19020000.0,
consumption,United Kingdom,2008,184020000.0,
consumption,United States of America,2008,1299120000.0,
consumption,Austria,2009,53160000.0,
consumption,Belgium,2009,56040000.0,
consumption,Belgium/Luxembourg,2009,,
consumption,Bulgaria,2009,24540000.0,
consumption,Croatia,2009,21960000.0,
consumption,Cyprus,2009,4500000.0,
consumption,Czechia,2009,31500000.0,
consumption,Denmark,2009,40560000.0,
consumption,Estonia,2009,7380000.0,
consumption,Finland,2009,63480000.0,
consumption,France,2009,340620000.0,
consumption,Germany,2009,533820000.0,
consumption,Greece,2009,58440000.0,
consumption,Hungary,2009,26700000.0,
consumption,Ireland,2009,8040000.0,
consumption,Italy,2009,348360000.0,
consumption,Latvia,2009,5280000.0,
consumption,Lithuania,2009,12600000.0,
consumption,Luxembourg,2009,13320000.0,
consumption,Malta,2009,840000.0,
consumption,Netherlands,2009,53880000.0,
consumption,Poland,2009,120060000.0,
consumption,Portugal,2009,43860000.0,
consumption,Romania,2009,46500000.0,
consumption,Slovakia,2009,12780000.0,
consumption,Slovenia,2009,11880000.0,
consumption,Spain,2009,201120000.0,
consumption,Sweden,2009,67980000.0,
consumption,Japan,2009,427800000.0,
consumption,Norway,2009,42900000.0,
consumption,Russian Federation,2009,186780000.0,
consumption,Switzerland,2009,57960000.0,
consumption,Tunisia,2009,17340000.0,
consumption,United Kingdom,2009,193200000.0,
consumption,United States of America,2009,1286160000.0,
consumption,Austria,2010,54180000.0,
consumption,Belgium,2010,52260000.0,
consumption,Belgium/Luxembourg,2010,,
consumption,Bulgaria,2010,23700000.0,
consumption,Croatia,2010,22200000.0,
consumption,Cyprus,2010,4440000.0,
consumption,Czechia,2010,28200000.0,
consumption,Denmark,2010,48360000.0,
consumption,Estonia,2010,6300000.0,
consumption,Finland,2010,64800000.0,
consumption,France,2010,342780000.0,
consumption,Germany,2010,557520000.0,
consumption,Greece,2010,59640000.0,
consumption,Hungary,2010,22560000.0,
consumption,Ireland,2010,9600000.0,
consumption,Italy,2010,346860000.0,
consumption,Latvia,2010,5940000.0,
consumption,Lithuania,2010,13380000.0,
consumption,Luxembourg,2010,13920000.0,
consumption,Malta,2010,720000.0,
consumption,Netherlands,2010,80820000.0,
consumption,Poland,2010,129360000.0,
consumption,Portugal,2010,48720000.0,
consumption,Romania,2010,47760000.0,
consumption,Slovakia,2010,20220000.0,
consumption,Slovenia,2010,12300000.0,
consumption,Spain,2010,193920000.0,
consumption,Sweden,2010,73260000.0,
consumption,Japan,2010,431520000.0,
consumption,Norway,2010,44760000.0,
consumption,Russian Federation,2010,222000000.0,
consumption,Switzerland,2010,60720000.0,
consumption,Tunisia,2010,18060000.0,
consumption,United Kingdom,2010,188040000.0,
consumption,United States of America,2010,1306980000.0,
consumption,Austria,2011,67020000.0,
consumption,Belgium,2011,56040000.0,
consumption,Belgium/Luxembourg,2011,,
consumption,Bulgaria,2011,21600000.0,
consumption,Croatia,2011,22020000.0,
consumption,Cyprus,2011,4860000.0,
consumption,Czechia,2011,34320000.0,
consumption,Denmark,2011,45720000.0,
consumption,Estonia,2011,4020000.0,
consumption,Finland,2011,65580000.0,
consumption,France,2011,357720000.0,
consumption,Germany,2011,567600000.0,
consumption,Greece,2011,61380000.0,
consumption,Hungary,2011,10800000.0,
consumption,Ireland,2011,10740000.0,
consumption,Italy,2011,341340000.0,
consumption,Latvia,2011,6060000.0,
consumption,Lithuania,2011,10800000.0,
consumption,Luxembourg,2011,12900000.0,
consumption,Malta,2011,960000.0,
consumption,Netherlands,2011,54540000.0,
consumption,Poland,2011,122040000.0,
consumption,Portugal,2011,51540000.0,
consumption,Romania,2011,48120000.0,
consumption,Slovakia,2011,23280000.0,
consumption,Slovenia,2011,12480000.0,
consumption,Spain,2011,188940000.0,
consumption,Sweden,2011,67500000.0,
consumption,Japan,2011,420900000.0,
consumption,Norway,2011,47100000.0,
consumption,Russian Federation,2011,225240000.0,
consumption,Switzerland,2011,62040000.0,
consumption,Tunisia,2011,24900000.0,
consumption,United Kingdom,2011,175500000.0,
consumption,United States of America,2011,1322640000.0,
consumption,Austria,2012,76140000.0,
consumption,Belgium,2012,54900000.0,
consumption,Belgium/Luxembourg,2012,,
consumption,Bulgaria,2012,22560000.0,
consumption,Croatia,2012,21600000.0,
consumption,Cyprus,2012,5100000.0,
consumption,Czechia,2012,41100000.0,
consumption,Denmark,2012,48000000.0,
consumption,Estonia,2012,6240000.0,
consumption,Finland,2012,64920000.0,
consumption,France,2012,347400000.0,
consumption,Germany,2012,529800000.0,
consumption,Greece,2012,64560000.0,
consumption,Hungary,2012,15120000.0,
consumption,Ireland,2012,12840000.0,
consumption,Italy,2012,342600000.0,
consumption,Latvia,2012,6060000.0,
consumption,Lithuania,2012,11580000.0,
consumption,Luxembourg,2012,12720000.0,
consumption,Malta,2012,1260000.0,
consumption,Netherlands,2012,82920000.0,
consumption,Poland,2012,116160000.0,
consumption,Portugal,2012,49680000.0,
consumption,Romania,2012,50940000.0,
consumption,Slovakia,2012,12060000.0,
consumption,Slovenia,2012,11100000.0,
consumption,Spain,2012,206100000.0,
consumption,Sweden,2012,69540000.0,
consumption,Japan,2012,427860000.0,
consumption,Norway,2012,43380000.0,
consumption,Russian Federation,2012,221760000.0,
consumption,Switzerland,2012,62820000.0,
consumption,Tunisia,2012,25260000.0,
consumption,United Kingdom,2012,175560000.0,
consumption,United States of America,2012,1333920000.0,
consumption,Austria,2013,74940000.0,
consumption,Belgium,2013,74700000.0,
consumption,Belgium/Luxembourg,2013,,
consumption,Bulgaria,2013,25140000.0,
consumption,Croatia,2013,23220000.0,
consumption,Cyprus,2013,5340000.0,
consumption,Czechia,2013,38220000.0,
consumption,Denmark,2013,49320000.0,
consumption,Estonia,2013,7200000.0,
consumption,Finland,2013,65700000.0,
consumption,France,2013,342420000.0,
consumption,Germany,2013,562680000.0,
consumption,Greece,2013,66060000.0,
consumption,Hungary,2013,10620000.0,
consumption,Ireland,2013,11760000.0,
consumption,Italy,2013,338040000.0,
consumption,Latvia,2013,5700000.0,
consumption,Lithuania,2013,11820000.0,
consumption,Luxembourg,2013,14460000.0,
consumption,Malta,2013,1320000.0,
consumption,Netherlands,2013,97500000.0,
consumption,Poland,2013,100140000.0,
consumption,Portugal,2013,50400000.0,
consumption,Romania,2013,53460000.0,
consumption,Slovakia,2013,19680000.0,
consumption,Slovenia,2013,11040000.0,
consumption,Spain,2013,194040000.0,
consumption,Sweden,2013,70500000.0,
consumption,Japan,2013,446100000.0,
consumption,Norway,2013,45780000.0,
consumption,Russian Federation,2013,218880000.0,
consumption,Switzerland,2013,67380000.0,
consumption,Tunisia,2013,25740000.0,
consumption,United Kingdom,2013,169680000.0,
consumption,United States of America,2013,1405020000.0,
consumption,Austria,2014,68100000.0,
consumption,Belgium,2014,75540000.0,
consumption,Belgium/Luxembourg,2014,,
consumption,Bulgaria,2014,22560000.0,
consumption,Croatia,2014,22080000.0,
consumption,Cyprus,2014,4860000.0,
consumption,Czechia,2014,59880000.0,
consumption,Denmark,2014,44880000.0,
consumption,Estonia,2014,7020000.0,
consumption,Finland,2014,61800000.0,
consumption,France,2014,357240000.0,
consumption,Germany,2014,520920000.0,
consumption,Greece,2014,65280000.0,
consumption,Hungary,2014,24000000.0,
consumption,Ireland,2014,15420000.0,
consumption,Italy,2014,351660000.0,
consumption,Latvia,2014,6600000.0,
consumption,Lithuania,2014,13380000.0,
consumption,Luxembourg,2014,15300000.0,
consumption,Malta,2014,1500000.0,
consumption,Netherlands,2014,108000000.0,
consumption,Poland,2014,69000000.0,
consumption,Portugal,2014,51180000.0,
consumption,Romania,2014,54780000.0,
consumption,Slovakia,2014,29880000.0,
consumption,Slovenia,2014,11220000.0,
consumption,Spain,2014,221760000.0,
consumption,Sweden,2014,99120000.0,
consumption,Japan,2014,449640000.0,
consumption,Norway,2014,43740000.0,
consumption,Russian Federation,2014,241260000.0,
consumption,Switzerland,2014,61680000.0,
consumption,Tunisia,2014,27600000.0,
consumption,United Kingdom,2014,175680000.0,
consumption,United States of America,2014,1426020000.0,
consumption,Austria,2015,68160000.0,
consumption,Belgium,2015,64440000.0,
consumption,Belgium/Luxembourg,2015,,
consumption,Bulgaria,2015,24360000.0,
consumption,Croatia,2015,22500000.0,
consumption,Cyprus,2015,5580000.0,
consumption,Czechia,2015,42480000.0,
consumption,Denmark,2015,43860000.0,
consumption,Estonia,2015,7140000.0,
consumption,Finland,2015,66600000.0,
consumption,France,2015,335460000.0,
consumption,Germany,2015,505260000.0,
consumption,Greece,2015,62940000.0,
consumption,Hungary,2015,24240000.0,
consumption,Ireland,2015,17580000.0,
consumption,Italy,2015,339600000.0,
consumption,Latvia,2015,6360000.0,
consumption,Lithuania,2015,12720000.0,
consumption,Luxembourg,2015,13320000.0,
consumption,Malta,2015,900000.0,
consumption,Netherlands,2015,101760000.0,
consumption,Poland,2015,85200000.0,
consumption,Portugal,2015,46980000.0,
consumption,Romania,2015,58920000.0,
consumption,Slovakia,2015,16020000.0,
consumption,Slovenia,2015,11280000.0,
consumption,Spain,2015,211440000.0,
consumption,Sweden,2015,97380000.0,
consumption,Japan,2015,461700000.0,
consumption,Norway,2015,47280000.0,
consumption,Russian Federation,2015,230760000.0,
consumption,Switzerland,2015,65760000.0,
consumption,Tunisia,2015,27480000.0,
consumption,United Kingdom,2015,215460000.0,
consumption,United States of America,2015,1466280000.0,
consumption,Austria,2016,71580000.0,
consumption,Belgium,2016,90120000.0,
consumption,Belgium/Luxembourg,2016,,
consumption,Bulgaria,2016,27120000.0,
consumption,Croatia,2016,22800000.0,
consumption,Cyprus,2016,5580000.0,
consumption,Czechia,2016,48360000.0,
consumption,Denmark,2016,45180000.0,
consumption,Estonia,2016,7260000.0,
consumption,Finland,2016,68820000.0,
consumption,France,2016,322500000.0,
consumption,Germany,2016,514980000.0,
consumption,Greece,2016,83160000.0,
consumption,Hungary,2016,22260000.0,
consumption,Ireland,2016,19080000.0,
consumption,Italy,2016,359880000.0,
consumption,Latvia,2016,6660000.0,
consumption,Lithuania,2016,14520000.0,
consumption,Luxembourg,2016,13380000.0,
consumption,Malta,2016,1080000.0,
consumption,Netherlands,2016,124740000.0,
consumption,Poland,2016,118500000.0,
consumption,Portugal,2016,52020000.0,
consumption,Romania,2016,64320000.0,
consumption,Slovakia,2016,13560000.0,
consumption,Slovenia,2016,11580000.0,
consumption,Spain,2016,206220000.0,
consumption,Sweden,2016,107880000.0,
consumption,Japan,2016,472320000.0,
consumption,Norway,2016,46920000.0,
consumption,Russian Federation,2016,266340000.0,
consumption,Switzerland,2016,63960000.0,
consumption,Tunisia,2016,27900000.0,
consumption,United Kingdom,2016,210060000.0,
consumption,United States of America,2016,1514580000.0,
consumption,Austria,2017,69720000.0,
consumption,Belgium,2017,78000000.0,
consumption,Belgium/Luxembourg,2017,,
consumption,Bulgaria,2017,24900000.0,
consumption,Croatia,2017,21660000.0,
consumption,Cyprus,2017,5820000.0,
consumption,Czechia,2017,48240000.0,
consumption,Denmark,2017,43980000.0,
consumption,Estonia,2017,6540000.0,
consumption,Finland,2017,63720000.0,
consumption,France,2017,333000000.0,
consumption,Germany,2017,513300000.0,
consumption,Greece,2017,45360000.0,
consumption,Hungary,2017,24480000.0,
consumption,Ireland,2017,17460000.0,
consumption,Italy,2017,336600000.0,
consumption,Latvia,2017,7080000.0,
consumption,Lithuania,2017,14400000.0,
consumption,Luxembourg,2017,12660000.0,
consumption,Malta,2017,960000.0,
consumption,Netherlands,2017,117840000.0,
consumption,Poland,2017,134460000.0,
consumption,Portugal,2017,50640000.0,
consumption,Romania,2017,66180000.0,
consumption,Slovakia,2017,9120000.0,
consumption,Slovenia,2017,11400000.0,
consumption,Spain,2017,189060000.0,
consumption,Sweden,2017,103560000.0,
consumption,Japan,2017,464520000.0,
consumption,Norway,2017,46860000.0,
consumption,Russian Federation,2017,270720000.0,
consumption,Switzerland,2017,53640000.0,
consumption,Tunisia,2017,32760000.0,
consumption,United Kingdom,2017,199980000.0,
consumption,United States of America,2017,1570980000.0,
consumption,Austria,2018,70320000.0,
consumption,Belgium,2018,81900000.0,
consumption,Belgium/Luxembourg,2018,,
consumption,Bulgaria,2018,25560000.0,
consumption,Croatia,2018,21600000.0,
consumption,Cyprus,2018,7800000.0,
consumption,Czechia,2018,69480000.0,
consumption,Denmark,2018,44340000.0,
consumption,Estonia,2018,7560000.0,
consumption,Finland,2018,66360000.0,
consumption,France,2018,359160000.0,
consumption,Germany,2018,507660000.0,
consumption,Greece,2018,63540000.0,
consumption,Hungary,2018,26880000.0,
consumption,Ireland,2018,22200000.0,
consumption,Italy,2018,357300000.0,
consumption,Latvia,2018,5880000.0,
consumption,Lithuania,2018,15720000.0,
consumption,Luxembourg,2018,15360000.0,
consumption,Malta,2018,1140000.0,
consumption,Netherlands,2018,128700000.0,
consumption,Poland,2018,146160000.0,
consumption,Portugal,2018,52380000.0,
consumption,Romania,2018,67200000.0,
consumption,Slovakia,2018,16680000.0,
consumption,Slovenia,2018,13080000.0,
consumption,Spain,2018,185700000.0,
consumption,Sweden,2018,100980000.0,
consumption,Japan,2018,470040000.0,
consumption,Norway,2018,44040000.0,
consumption,Russian Federation,2018,254040000.0,
consumption,Switzerland,2018,70200000.0,
consumption,Tunisia,2018,31980000.0,
consumption,United Kingdom,2018,227280000.0,
consumption,United States of America,2018,1590840000.0,
consumption,Austria,2019,70380000.0,
consumption,Belgium,2019,71100000.0,
consumption,Belgium/Luxembourg,2019,,
consumption,Bulgaria,2019,25380000.0,
consumption,Croatia,2019,22860000.0,
consumption,Cyprus,2019,6900000.0,
consumption,Czechia,2019,50580000.0,
consumption,Denmark,2019,46680000.0,
consumption,Estonia,2019,7380000.0,
consumption,Finland,2019,80880000.0,
consumption,France,2019,371520000.0,
consumption,Germany,2019,520200000.0,
consumption,Greece,2019,68340000.0,
consumption,Hungary,2019,25080000.0,
consumption,Ireland,2019,22200000.0,
consumption,Italy,2019,328140000.0,
consumption,Latvia,2019,6840000.0,
consumption,Lithuania,2019,15060000.0,
consumption,Luxembourg,2019,13440000.0,
consumption,Malta,2019,1380000.0,
consumption,Netherlands,2019,121800000.0,
consumption,Poland,2019,150060000.0,
consumption,Portugal,2019,55860000.0,
consumption,Romania,2019,66480000.0,
consumption,Slovakia,2019,13620000.0,
consumption,Slovenia,2019,12240000.0,
consumption,Spain,2019,195180000.0,
consumption,Sweden,2019,106140000.0,
consumption,Japan,2019,453060000.0,
consumption,Norway,2019,46260000.0,
consumption,Russian Federation,2019,289200000.0,
consumption,Switzerland,2019,64380000.0,
consumption,Tunisia,2019,30480000.0,
consumption,United Kingdom,2019,226200000.0,
consumption,United States of America,2019,1638600000.0,
re_export,Austria,1990,24900000.0,
re_export,Belgium,1990,,
re_export,Belgium/Luxembourg,1990,53460000.0,
re_export,Bulgaria,1990,9960000.0,
re_export,Croatia,1990,,
re_export,Cyprus,1990,960000.0,
re_export,Czechia,1990,,
re_export,Denmark,1990,5640000.0,
re_export,Estonia,1990,,
re_export,Finland,1990,1140000.0,
re_export,France,1990,54780000.0,
re_export,Germany,1990,197520000.0,
re_export,Greece,1990,660000.0,
re_export,Hungary,1990,,
re_export,Ireland,1990,600000.0,
re_export,Italy,1990,22980000.0,
re_export,Latvia,1990,,
re_export,Lithuania,1990,,
re_export,Luxembourg,1990,,
re_export,Malta,1990,60000.0,
re_export,Netherlands,1990,35100000.0,
re_export,Poland,1990,6000000.0,
re_export,Portugal,1990,1860000.0,
re_export,Romania,1990,,
re_export,Slovakia,1990,,
re_export,Slovenia,1990,,
re_export,Spain,1990,15900000.0,
re_export,Sweden,1990,4620000.0,
re_export,Japan,1990,1200000.0,
re_export,Norway,1990,480000.0,
re_export,Russian Federation,1990,,
re_export,Switzerland,1990,9960000.0,
re_export,Tunisia,1990,,
re_export,United Kingdom,1990,28920000.0,
re_export,United States of America,1990,49500000.0,
re_export,Austria,1991,45360000.0,
re_export,Belgium,1991,,
re_export,Belgium/Luxembourg,1991,62280000.0,
re_export,Bulgaria,1991,10980000.0,
re_export,Croatia,1991,,
re_export,Cyprus,1991,420000.0,
re_export,Czechia,1991,,
re_export,Denmark,1991,4440000.0,
re_export,Estonia,1991,,
re_export,Finland,1991,1260000.0,
re_export,France,1991,60420000.0,
re_export,Germany,1991,195120000.0,
re_export,Greece,1991,1200000.0,
re_export,Hungary,1991,15660000.0,
re_export,Ireland,1991,300000.0,
re_export,Italy,1991,24120000.0,
re_export,Latvia,1991,,
re_export,Lithuania,1991,,
re_export,Luxembourg,1991,,
re_export,Malta,1991,180000.0,
re_export,Netherlands,1991,37980000.0,
re_export,Poland,1991,420000.0,
re_export,Portugal,1991,2040000.0,
re_export,Romania,1991,,
re_export,Slovakia,1991,,
re_export,Slovenia,1991,,
re_export,Spain,1991,16080000.0,
re_export,Sweden,1991,6840000.0,
re_export,Japan,1991,2040000.0,
re_export,Norway,1991,240000.0,
re_export,Russian Federation,1991,,
re_export,Switzerland,1991,9060000.0,
re_export,Tunisia,1991,,
re_export,United Kingdom,1991,29100000.0,
re_export,United States of America,1991,60600000.0,
re_export,Austria,1992,57600000.0,
re_export,Belgium,1992,,
re_export,Belgium/Luxembourg,1992,67860000.0,
re_export,Bulgaria,1992,420000.0,
re_export,Croatia,1992,2040000.0,
re_export,Cyprus,1992,240000.0,
re_export,Czechia,1992,180000.0,
re_export,Denmark,1992,6180000.0,
re_export,Estonia,1992,180000.0,
re_export,Finland,1992,2100000.0,
re_export,France,1992,61380000.0,
re_export,Germany,1992,199080000.0,
re_export,Greece,1992,1740000.0,
re_export,Hungary,1992,10440000.0,
re_export,Ireland,1992,240000.0,
re_export,Italy,1992,27900000.0,
re_export,Latvia,1992,60000.0,
re_export,Lithuania,1992,,
re_export,Luxembourg,1992,,
re_export,Malta,1992,120000.0,
re_export,Netherlands,1992,38880000.0,
re_export,Poland,1992,8220000.0,
re_export,Portugal,1992,2400000.0,
re_export,Romania,1992,180000.0,
re_export,Slovakia,1992,,
re_export,Slovenia,1992,420000.0,
re_export,Spain,1992,17220000.0,
re_export,Sweden,1992,8280000.0,
re_export,Japan,1992,1620000.0,
re_export,Norway,1992,180000.0,
re_export,Russian Federation,1992,300000.0,
re_export,Switzerland,1992,9300000.0,
re_export,Tunisia,1992,,
re_export,United Kingdom,1992,34200000.0,
re_export,United States of America,1992,82620000.0,
re_export,Austria,1993,32100000.0,
re_export,Belgium,1993,,
re_export,Belgium/Luxembourg,1993,76440000.0,
re_export,Bulgaria,1993,4200000.0,
re_export,Croatia,1993,1860000.0,
re_export,Cyprus,1993,120000.0,
re_export,Czechia,1993,3960000.0,
re_export,Denmark,1993,6180000.0,
re_export,Estonia,1993,420000.0,
re_export,Finland,1993,11880000.0,
re_export,France,1993,58560000.0,
re_export,Germany,1993,196920000.0,
re_export,Greece,1993,13620000.0,
re_export,Hungary,1993,6660000.0,
re_export,Ireland,1993,180000.0,
re_export,Italy,1993,39840000.0,
re_export,Latvia,1993,1080000.0,
re_export,Lithuania,1993,,
re_export,Luxembourg,1993,,
re_export,Malta,1993,60000.0,
re_export,Netherlands,1993,25500000.0,
re_export,Poland,1993,7560000.0,
re_export,Portugal,1993,2280000.0,
re_export,Romania,1993,360000.0,
re_export,Slovakia,1993,780000.0,
re_export,Slovenia,1993,300000.0,
re_export,Spain,1993,10080000.0,
re_export,Sweden,1993,8280000.0,
re_export,Japan,1993,2040000.0,
re_export,Norway,1993,180000.0,
re_export,Russian Federation,1993,0.0,
re_export,Switzerland,1993,9960000.0,
re_export,Tunisia,1993,,
re_export,United Kingdom,1993,37740000.0,
re_export,United States of America,1993,103200000.0,
re_export,Austria,1994,22860000.0,
re_export,Belgium,1994,,
re_export,Belgium/Luxembourg,1994,78240000.0,
re_export,Bulgaria,1994,6600000.0,
re_export,Croatia,1994,1800000.0,
re_export,Cyprus,1994,60000.0,
re_export,Czechia,1994,2700000.0,
re_export,Denmark,1994,7500000.0,
re_export,Estonia,1994,1200000.0,
re_export,Finland,1994,13020000.0,
re_export,France,1994,69900000.0,
re_export,Germany,1994,208140000.0,
re_export,Greece,1994,8760000.0,
re_export,Hungary,1994,2820000.0,
re_export,Ireland,1994,180000.0,
re_export,Italy,1994,47160000.0,
re_export,Latvia,1994,1020000.0,
re_export,Lithuania,1994,600000.0,
re_export,Luxembourg,1994,,
re_export,Malta,1994,120000.0,
re_export,Netherlands,1994,40680000.0,
re_export,Poland,1994,6000000.0,
re_export,Portugal,1994,3120000.0,
re_export,Romania,1994,0.0,
re_export,Slovakia,1994,1380000.0,
re_export,Slovenia,1994,420000.0,
re_export,Spain,1994,14220000.0,
re_export,Sweden,1994,13440000.0,
re_export,Japan,1994,1620000.0,
re_export,Norway,1994,360000.0,
re_export,Russian Federation,1994,840000.0,
re_export,Switzerland,1994,11760000.0,
re_export,Tunisia,1994,,
re_export,United Kingdom,1994,49020000.0,
re_export,United States of America,1994,154320000.0,
re_export,Austria,1995,13740000.0,
re_export,Belgium,1995,,
re_export,Belgium/Luxembourg,1995,79680000.0,
re_export,Bulgaria,1995,7320000.0,
re_export,Croatia,1995,1920000.0,
re_export,Cyprus,1995,60000.0,
re_export,Czechia,1995,2520000.0,
re_export,Denmark,1995,7140000.0,
re_export,Estonia,1995,1500000.0,
re_export,Finland,1995,5820000.0,
re_export,France,1995,64860000.0,
re_export,Germany,1995,193200000.0,
re_export,Greece,1995,8340000.0,
re_export,Hungary,1995,4320000.0,
re_export,Ireland,1995,480000.0,
re_export,Italy,1995,44940000.0,
re_export,Latvia,1995,900000.0,
re_export,Lithuania,1995,2700000.0,
re_export,Luxembourg,1995,,
re_export,Malta,1995,60000.0,
re_export,Netherlands,1995,37020000.0,
re_export,Poland,1995,8040000.0,
re_export,Portugal,1995,4440000.0,
re_export,Romania,1995,120000.0,
re_export,Slovakia,1995,1620000.0,
re_export,Slovenia,1995,480000.0,
re_export,Spain,1995,23820000.0,
re_export,Sweden,1995,13020000.0,
re_export,Japan,1995,420000.0,
re_export,Norway,1995,300000.0,
re_export,Russian Federation,1995,4680000.0,
re_export,Switzerland,1995,10500000.0,
re_export,Tunisia,1995,,
re_export,United Kingdom,1995,37980000.0,
re_export,United States of America,1995,110460000.0,
re_export,Austria,1996,9780000.0,
re_export,Belgium,1996,,
re_export,Belgium/Luxembourg,1996,89220000.0,
re_export,Bulgaria,1996,1560000.0,
re_export,Croatia,1996,1020000.0,
re_export,Cyprus,1996,60000.0,
re_export,Czechia,1996,3000000.0,
re_export,Denmark,1996,6660000.0,
re_export,Estonia,1996,1980000.0,
re_export,Finland,1996,10320000.0,
re_export,France,1996,70920000.0,
re_export,Germany,1996,216780000.0,
re_export,Greece,1996,3060000.0,
re_export,Hungary,1996,1920000.0,
re_export,Ireland,1996,660000.0,
re_export,Italy,1996,49560000.0,
re_export,Latvia,1996,960000.0,
re_export,Lithuania,1996,4980000.0,
re_export,Luxembourg,1996,,
re_export,Malta,1996,0.0,
re_export,Netherlands,1996,34500000.0,
re_export,Poland,1996,10140000.0,
re_export,Portugal,1996,5940000.0,
re_export,Romania,1996,0.0,
re_export,Slovakia,1996,960000.0,
re_export,Slovenia,1996,660000.0,
re_export,Spain,1996,35700000.0,
re_export,Sweden,1996,13500000.0,
re_export,Japan,1996,360000.0,
re_export,Norway,1996,420000.0,
re_export,Russian Federation,1996,3900000.0,
re_export,Switzerland,1996,14580000.0,
re_export,Tunisia,1996,,
re_export,United Kingdom,1996,33120000.0,
re_export,United States of America,1996,122940000.0,
re_export,Austria,1997,13320000.0,
re_export,Belgium,1997,,
re_export,Belgium/Luxembourg,1997,99480000.0,
re_export,Bulgaria,1997,1140000.0,
re_export,Croatia,1997,1440000.0,
re_export,Cyprus,1997,60000.0,
re_export,Czechia,1997,4560000.0,
re_export,Denmark,1997,8460000.0,
re_export,Estonia,1997,2520000.0,
re_export,Finland,1997,12300000.0,
re_export,France,1997,69960000.0,
re_export,Germany,1997,236100000.0,
re_export,Greece,1997,3000000.0,
re_export,Hungary,1997,4380000.0,
re_export,Ireland,1997,540000.0,
re_export,Italy,1997,49560000.0,
re_export,Latvia,1997,1440000.0,
re_export,Lithuania,1997,4740000.0,
re_export,Luxembourg,1997,,
re_export,Malta,1997,60000.0,
re_export,Netherlands,1997,33420000.0,
re_export,Poland,1997,17220000.0,
re_export,Portugal,1997,6480000.0,
re_export,Romania,1997,60000.0,
re_export,Slovakia,1997,1080000.0,
re_export,Slovenia,1997,600000.0,
re_export,Spain,1997,46740000.0,
re_export,Sweden,1997,13920000.0,
re_export,Japan,1997,1140000.0,
re_export,Norway,1997,540000.0,
re_export,Russian Federation,1997,19680000.0,
re_export,Switzerland,1997,16800000.0,
re_export,Tunisia,1997,,
re_export,United Kingdom,1997,30660000.0,
re_export,United States of America,1997,146760000.0,
re_export,Austria,1998,12600000.0,
re_export,Belgium,1998,,
re_export,Belgium/Luxembourg,1998,136200000.0,
re_export,Bulgaria,1998,1080000.0,
re_export,Croatia,1998,1140000.0,
re_export,Cyprus,1998,60000.0,
re_export,Czechia,1998,14460000.0,
re_export,Denmark,1998,9600000.0,
re_export,Estonia,1998,2700000.0,
re_export,Finland,1998,11160000.0,
re_export,France,1998,71580000.0,
re_export,Germany,1998,243780000.0,
re_export,Greece,1998,2220000.0,
re_export,Hungary,1998,3780000.0,
re_export,Ireland,1998,600000.0,
re_export,Italy,1998,56760000.0,
re_export,Latvia,1998,1500000.0,
re_export,Lithuania,1998,3000000.0,
re_export,Luxembourg,1998,,
re_export,Malta,1998,240000.0,
re_export,Netherlands,1998,54060000.0,
re_export,Poland,1998,19680000.0,
re_export,Portugal,1998,5760000.0,
re_export,Romania,1998,660000.0,
re_export,Slovakia,1998,1020000.0,
re_export,Slovenia,1998,720000.0,
re_export,Spain,1998,42000000.0,
re_export,Sweden,1998,11520000.0,
re_export,Japan,1998,540000.0,
re_export,Norway,1998,240000.0,
re_export,Russian Federation,1998,5100000.0,
re_export,Switzerland,1998,15240000.0,
re_export,Tunisia,1998,,
re_export,United Kingdom,1998,32220000.0,
re_export,United States of America,1998,146820000.0,
re_export,Austria,1999,23880000.0,
re_export,Belgium,1999,130140000.0,
re_export,Belgium/Luxembourg,1999,,
re_export,Bulgaria,1999,240000.0,
re_export,Croatia,1999,900000.0,
re_export,Cyprus,1999,120000.0,
re_export,Czechia,1999,10200000.0,
re_export,Denmark,1999,13500000.0,
re_export,Estonia,1999,2160000.0,
re_export,Finland,1999,12900000.0,
re_export,France,1999,68460000.0,
re_export,Germany,1999,238320000.0,
re_export,Greece,1999,5520000.0,
re_export,Hungary,1999,6300000.0,
re_export,Ireland,1999,420000.0,
re_export,Italy,1999,61380000.0,
re_export,Latvia,1999,1020000.0,
re_export,Lithuania,1999,2880000.0,
re_export,Luxembourg,1999,5040000.0,
re_export,Malta,1999,0.0,
re_export,Netherlands,1999,65640000.0,
re_export,Poland,1999,25080000.0,
re_export,Portugal,1999,5940000.0,
re_export,Romania,1999,300000.0,
re_export,Slovakia,1999,1200000.0,
re_export,Slovenia,1999,660000.0,
re_export,Spain,1999,38340000.0,
re_export,Sweden,1999,10560000.0,
re_export,Japan,1999,480000.0,
re_export,Norway,1999,300000.0,
re_export,Russian Federation,1999,960000.0,
re_export,Switzerland,1999,18120000.0,
re_export,Tunisia,1999,,
re_export,United Kingdom,1999,38700000.0,
re_export,United States of America,1999,130080000.0,
re_export,Austria,2000,24540000.0,
re_export,Belgium,2000,141420000.0,
re_export,Belgium/Luxembourg,2000,,
re_export,Bulgaria,2000,360000.0,
re_export,Croatia,2000,1020000.0,
re_export,Cyprus,2000,60000.0,
re_export,Czechia,2000,14940000.0,
re_export,Denmark,2000,13860000.0,
re_export,Estonia,2000,480000.0,
re_export,Finland,2000,10320000.0,
re_export,France,2000,64380000.0,
re_export,Germany,2000,289500000.0,
re_export,Greece,2000,6660000.0,
re_export,Hungary,2000,9420000.0,
re_export,Ireland,2000,4320000.0,
re_export,Italy,2000,69360000.0,
re_export,Latvia,2000,1140000.0,
re_export,Lithuania,2000,2340000.0,
re_export,Luxembourg,2000,5280000.0,
re_export,Malta,2000,0.0,
re_export,Netherlands,2000,66360000.0,
re_export,Poland,2000,31860000.0,
re_export,Portugal,2000,7380000.0,
re_export,Romania,2000,60000.0,
re_export,Slovakia,2000,1380000.0,
re_export,Slovenia,2000,840000.0,
re_export,Spain,2000,45180000.0,
re_export,Sweden,2000,10260000.0,
re_export,Japan,2000,1920000.0,
re_export,Norway,2000,300000.0,
re_export,Russian Federation,2000,1620000.0,
re_export,Switzerland,2000,18780000.0,
re_export,Tunisia,2000,60000.0,
re_export,United Kingdom,2000,39120000.0,
re_export,United States of America,2000,123300000.0,
re_export,Austria,2001,26400000.0,
re_export,Belgium,2001,139440000.0,
re_export,Belgium/Luxembourg,2001,,
re_export,Bulgaria,2001,300000.0,
re_export,Croatia,2001,900000.0,
re_export,Cyprus,2001,240000.0,
re_export,Czechia,2001,15960000.0,
re_export,Denmark,2001,14100000.0,
re_export,Estonia,2001,3240000.0,
re_export,Finland,2001,8880000.0,
re_export,France,2001,76020000.0,
re_export,Germany,2001,320640000.0,
re_export,Greece,2001,19200000.0,
re_export,Hungary,2001,11160000.0,
re_export,Ireland,2001,2040000.0,
re_export,Italy,2001,77400000.0,
re_export,Latvia,2001,360000.0,
re_export,Lithuania,2001,3780000.0,
re_export,Luxembourg,2001,4560000.0,
re_export,Malta,2001,0.0,
re_export,Netherlands,2001,67020000.0,
re_export,Poland,2001,29820000.0,
re_export,Portugal,2001,6960000.0,
re_export,Romania,2001,60000.0,
re_export,Slovakia,2001,1980000.0,
re_export,Slovenia,2001,660000.0,
re_export,Spain,2001,74220000.0,
re_export,Sweden,2001,10860000.0,
re_export,Japan,2001,4680000.0,
re_export,Norway,2001,360000.0,
re_export,Russian Federation,2001,1500000.0,
re_export,Switzerland,2001,22860000.0,
re_export,Tunisia,2001,60000.0,
re_export,United Kingdom,2001,46260000.0,
re_export,United States of America,2001,123360000.0,
re_export,Austria,2002,31680000.0,
re_export,Belgium,2002,138480000.0,
re_export,Belgium/Luxembourg,2002,,
re_export,Bulgaria,2002,180000.0,
re_export,Croatia,2002,960000.0,
re_export,Cyprus,2002,240000.0,
re_export,Czechia,2002,14760000.0,
re_export,Denmark,2002,16260000.0,
re_export,Estonia,2002,540000.0,
re_export,Finland,2002,7140000.0,
re_export,France,2002,75840000.0,
re_export,Germany,2002,377280000.0,
re_export,Greece,2002,4260000.0,
re_export,Hungary,2002,11400000.0,
re_export,Ireland,2002,2040000.0,
re_export,Italy,2002,80460000.0,
re_export,Latvia,2002,1140000.0,
re_export,Lithuania,2002,3300000.0,
re_export,Luxembourg,2002,4800000.0,
re_export,Malta,2002,60000.0,
re_export,Netherlands,2002,71160000.0,
re_export,Poland,2002,26520000.0,
re_export,Portugal,2002,6840000.0,
re_export,Romania,2002,60000.0,
re_export,Slovakia,2002,1500000.0,
re_export,Slovenia,2002,720000.0,
re_export,Spain,2002,69960000.0,
re_export,Sweden,2002,14340000.0,
re_export,Japan,2002,5940000.0,
re_export,Norway,2002,360000.0,
re_export,Russian Federation,2002,3180000.0,
re_export,Switzerland,2002,26520000.0,
re_export,Tunisia,2002,60000.0,
re_export,United Kingdom,2002,46680000.0,
re_export,United States of America,2002,131520000.0,
re_export,Austria,2003,37200000.0,
re_export,Belgium,2003,134280000.0,
re_export,Belgium/Luxembourg,2003,,
re_export,Bulgaria,2003,180000.0,
re_export,Croatia,2003,1020000.0,
re_export,Cyprus,2003,360000.0,
re_export,Czechia,2003,21060000.0,
re_export,Denmark,2003,16680000.0,
re_export,Estonia,2003,1140000.0,
re_export,Finland,2003,7320000.0,
re_export,France,2003,79680000.0,
re_export,Germany,2003,391080000.0,
re_export,Greece,2003,4140000.0,
re_export,Hungary,2003,13080000.0,
re_export,Ireland,2003,4500000.0,
re_export,Italy,2003,84600000.0,
re_export,Latvia,2003,1620000.0,
re_export,Lithuania,2003,2880000.0,
re_export,Luxembourg,2003,5940000.0,
re_export,Malta,2003,0.0,
re_export,Netherlands,2003,85980000.0,
re_export,Poland,2003,25320000.0,
re_export,Portugal,2003,6600000.0,
re_export,Romania,2003,0.0,
re_export,Slovakia,2003,1020000.0,
re_export,Slovenia,2003,600000.0,
re_export,Spain,2003,81900000.0,
re_export,Sweden,2003,15420000.0,
re_export,Japan,2003,8220000.0,
re_export,Norway,2003,480000.0,
re_export,Russian Federation,2003,5580000.0,
re_export,Switzerland,2003,25380000.0,
re_export,Tunisia,2003,180000.0,
re_export,United Kingdom,2003,45540000.0,
re_export,United States of America,2003,167880000.0,
re_export,Austria,2004,32580000.0,
re_export,Belgium,2004,154320000.0,
re_export,Belgium/Luxembourg,2004,,
re_export,Bulgaria,2004,180000.0,
re_export,Croatia,2004,1080000.0,
re_export,Cyprus,2004,420000.0,
re_export,Czechia,2004,19440000.0,
re_export,Denmark,2004,16260000.0,
re_export,Estonia,2004,2820000.0,
re_export,Finland,2004,7740000.0,
re_export,France,2004,62400000.0,
re_export,Germany,2004,420660000.0,
re_export,Greece,2004,4260000.0,
re_export,Hungary,2004,16200000.0,
re_export,Ireland,2004,2160000.0,
re_export,Italy,2004,93540000.0,
re_export,Latvia,2004,1980000.0,
re_export,Lithuania,2004,3540000.0,
re_export,Luxembourg,2004,5700000.0,
re_export,Malta,2004,0.0,
re_export,Netherlands,2004,70860000.0,
re_export,Poland,2004,24360000.0,
re_export,Portugal,2004,4980000.0,
re_export,Romania,2004,600000.0,
re_export,Slovakia,2004,900000.0,
re_export,Slovenia,2004,660000.0,
re_export,Spain,2004,86220000.0,
re_export,Sweden,2004,15720000.0,
re_export,Japan,2004,5220000.0,
re_export,Norway,2004,420000.0,
re_export,Russian Federation,2004,7740000.0,
re_export,Switzerland,2004,30720000.0,
re_export,Tunisia,2004,60000.0,
re_export,United Kingdom,2004,50280000.0,
re_export,United States of America,2004,157560000.0,
re_export,Austria,2005,48360000.0,
re_export,Belgium,2005,174300000.0,
re_export,Belgium/Luxembourg,2005,,
re_export,Bulgaria,2005,660000.0,
re_export,Croatia,2005,1080000.0,
re_export,Cyprus,2005,540000.0,
re_export,Czechia,2005,24420000.0,
re_export,Denmark,2005,11940000.0,
re_export,Estonia,2005,4560000.0,
re_export,Finland,2005,3240000.0,
re_export,France,2005,61680000.0,
re_export,Germany,2005,501360000.0,
re_export,Greece,2005,3600000.0,
re_export,Hungary,2005,16920000.0,
re_export,Ireland,2005,1800000.0,
re_export,Italy,2005,102480000.0,
re_export,Latvia,2005,2820000.0,
re_export,Lithuania,2005,5400000.0,
re_export,Luxembourg,2005,6240000.0,
re_export,Malta,2005,0.0,
re_export,Netherlands,2005,63660000.0,
re_export,Poland,2005,31440000.0,
re_export,Portugal,2005,6420000.0,
re_export,Romania,2005,1020000.0,
re_export,Slovakia,2005,840000.0,
re_export,Slovenia,2005,540000.0,
re_export,Spain,2005,87180000.0,
re_export,Sweden,2005,31380000.0,
re_export,Japan,2005,3780000.0,
re_export,Norway,2005,600000.0,
re_export,Russian Federation,2005,9060000.0,
re_export,Switzerland,2005,34020000.0,
re_export,Tunisia,2005,0.0,
re_export,United Kingdom,2005,53100000.0,
re_export,United States of America,2005,147120000.0,
re_export,Austria,2006,59460000.0,
re_export,Belgium,2006,184020000.0,
re_export,Belgium/Luxembourg,2006,,
re_export,Bulgaria,2006,840000.0,
re_export,Croatia,2006,1080000.0,
re_export,Cyprus,2006,1080000.0,
re_export,Czechia,2006,18540000.0,
re_export,Denmark,2006,10920000.0,
re_export,Estonia,2006,5220000.0,
re_export,Finland,2006,7260000.0,
re_export,France,2006,57420000.0,
re_export,Germany,2006,550620000.0,
re_export,Greece,2006,2460000.0,
re_export,Hungary,2006,18180000.0,
re_export,Ireland,2006,3120000.0,
re_export,Italy,2006,116280000.0,
re_export,Latvia,2006,2400000.0,
re_export,Lithuania,2006,6180000.0,
re_export,Luxembourg,2006,6120000.0,
re_export,Malta,2006,0.0,
re_export,Netherlands,2006,69840000.0,
re_export,Poland,2006,39660000.0,
re_export,Portugal,2006,6840000.0,
re_export,Romania,2006,1140000.0,
re_export,Slovakia,2006,3960000.0,
re_export,Slovenia,2006,660000.0,
re_export,Spain,2006,87660000.0,
re_export,Sweden,2006,30300000.0,
re_export,Japan,2006,2820000.0,
re_export,Norway,2006,600000.0,
re_export,Russian Federation,2006,14640000.0,
re_export,Switzerland,2006,37260000.0,
re_export,Tunisia,2006,540000.0,
re_export,United Kingdom,2006,56940000.0,
re_export,United States of America,2006,163260000.0,
re_export,Austria,2007,67200000.0,
re_export,Belgium,2007,174660000.0,
re_export,Belgium/Luxembourg,2007,,
re_export,Bulgaria,2007,1740000.0,
re_export,Croatia,2007,1620000.0,
re_export,Cyprus,2007,120000.0,
re_export,Czechia,2007,21480000.0,
re_export,Denmark,2007,12060000.0,
re_export,Estonia,2007,10560000.0,
re_export,Finland,2007,9000000.0,
re_export,France,2007,54060000.0,
re_export,Germany,2007,641820000.0,
re_export,Greece,2007,3960000.0,
re_export,Hungary,2007,22260000.0,
re_export,Ireland,2007,1020000.0,
re_export,Italy,2007,131280000.0,
re_export,Latvia,2007,1200000.0,
re_export,Lithuania,2007,6300000.0,
re_export,Luxembourg,2007,6540000.0,
re_export,Malta,2007,0.0,
re_export,Netherlands,2007,74340000.0,
re_export,Poland,2007,42540000.0,
re_export,Portugal,2007,9120000.0,
re_export,Romania,2007,960000.0,
re_export,Slovakia,2007,9120000.0,
re_export,Slovenia,2007,600000.0,
re_export,Spain,2007,91200000.0,
re_export,Sweden,2007,31500000.0,
re_export,Japan,2007,5220000.0,
re_export,Norway,2007,480000.0,
re_export,Russian Federation,2007,20400000.0,
re_export,Switzerland,2007,50520000.0,
re_export,Tunisia,2007,0.0,
re_export,United Kingdom,2007,59340000.0,
re_export,United States of America,2007,162420000.0,
re_export,Austria,2008,59520000.0,
re_export,Belgium,2008,368520000.0,
re_export,Belgium/Luxembourg,2008,,
re_export,Bulgaria,2008,4320000.0,
re_export,Croatia,2008,1680000.0,
re_export,Cyprus,2008,0.0,
re_export,Czechia,2008,24960000.0,
re_export,Denmark,2008,12720000.0,
re_export,Estonia,2008,10860000.0,
re_export,Finland,2008,10200000.0,
re_export,France,2008,57840000.0,
re_export,Germany,2008,628260000.0,
re_export,Greece,2008,4680000.0,
re_export,Hungary,2008,19020000.0,
re_export,Ireland,2008,960000.0,
re_export,Italy,2008,136620000.0,
re_export,Latvia,2008,2340000.0,
re_export,Lithuania,2008,11220000.0,
re_export,Luxembourg,2008,6780000.0,
re_export,Malta,2008,0.0,
re_export,Netherlands,2008,58860000.0,
re_export,Poland,2008,46740000.0,
re_export,Portugal,2008,8940000.0,
re_export,Romania,2008,1140000.0,
re_export,Slovakia,2008,16200000.0,
re_export,Slovenia,2008,660000.0,
re_export,Spain,2008,86460000.0,
re_export,Sweden,2008,31920000.0,
re_export,Japan,2008,10740000.0,
re_export,Norway,2008,420000.0,
re_export,Russian Federation,2008,25260000.0,
re_export,Switzerland,2008,52980000.0,
re_export,Tunisia,2008,0.0,
re_export,United Kingdom,2008,54000000.0,
re_export,United States of America,2008,171660000.0,
re_export,Austria,2009,24900000.0,
re_export,Belgium,2009,298860000.0,
re_export,Belgium/Luxembourg,2009,,
re_export,Bulgaria,2009,6840000.0,
re_export,Croatia,2009,1680000.0,
re_export,Cyprus,2009,0.0,
re_export,Czechia,2009,24300000.0,
re_export,Denmark,2009,11040000.0,
re_export,Estonia,2009,14040000.0,
re_export,Finland,2009,11100000.0,
re_export,France,2009,60840000.0,
re_export,Germany,2009,649140000.0,
re_export,Greece,2009,4320000.0,
re_export,Hungary,2009,15540000.0,
re_export,Ireland,2009,480000.0,
re_export,Italy,2009,136320000.0,
re_export,Latvia,2009,2640000.0,
re_export,Lithuania,2009,12060000.0,
re_export,Luxembourg,2009,6480000.0,
re_export,Malta,2009,0.0,
re_export,Netherlands,2009,96240000.0,
re_export,Poland,2009,69660000.0,
re_export,Portugal,2009,9960000.0,
re_export,Romania,2009,2220000.0,
re_export,Slovakia,2009,14760000.0,
re_export,Slovenia,2009,720000.0,
re_export,Spain,2009,86700000.0,
re_export,Sweden,2009,31560000.0,
re_export,Japan,2009,7560000.0,
re_export,Norway,2009,540000.0,
re_export,Russian Federation,2009,26400000.0,
re_export,Switzerland,2009,63960000.0,
re_export,Tunisia,2009,0.0,
re_export,United Kingdom,2009,53520000.0,
re_export,United States of America,2009,168120000.0,
re_export,Austria,2010,27780000.0,
re_export,Belgium,2010,303180000.0,
re_export,Belgium/Luxembourg,2010,,
re_export,Bulgaria,2010,7980000.0,
re_export,Croatia,2010,1440000.0,
re_export,Cyprus,2010,120000.0,
re_export,Czechia,2010,28860000.0,
re_export,Denmark,2010,12480000.0,
re_export,Estonia,2010,9480000.0,
re_export,Finland,2010,11580000.0,
re_export,France,2010,63600000.0,
re_export,Germany,2010,692520000.0,
re_export,Greece,2010,4080000.0,
re_export,Hungary,2010,21060000.0,
re_export,Ireland,2010,480000.0,
re_export,Italy,2010,146760000.0,
re_export,Latvia,2010,2340000.0,
re_export,Lithuania,2010,9180000.0,
re_export,Luxembourg,2010,7020000.0,
re_export,Malta,2010,0.0,
re_export,Netherlands,2010,74160000.0,
re_export,Poland,2010,67380000.0,
re_export,Portugal,2010,11820000.0,
re_export,Romania,2010,2580000.0,
re_export,Slovakia,2010,19080000.0,
re_export,Slovenia,2010,780000.0,
re_export,Spain,2010,108180000.0,
re_export,Sweden,2010,30300000.0,
re_export,Japan,2010,8580000.0,
re_export,Norway,2010,840000.0,
re_export,Russian Federation,2010,27300000.0,
re_export,Switzerland,2010,78780000.0,
re_export,Tunisia,2010,180000.0,
re_export,United Kingdom,2010,71580000.0,
re_export,United States of America,2010,191460000.0,
re_export,Austria,2011,21900000.0,
re_export,Belgium,2011,293640000.0,
re_export,Belgium/Luxembourg,2011,,
re_export,Bulgaria,2011,7320000.0,
re_export,Croatia,2011,1440000.0,
re_export,Cyprus,2011,0.0,
re_export,Czechia,2011,22800000.0,
re_export,Denmark,2011,8820000.0,
re_export,Estonia,2011,6000000.0,
re_export,Finland,2011,11640000.0,
re_export,France,2011,62580000.0,
re_export,Germany,2011,700980000.0,
re_export,Greece,2011,7920000.0,
re_export,Hungary,2011,27600000.0,
re_export,Ireland,2011,1800000.0,
re_export,Italy,2011,159780000.0,
re_export,Latvia,2011,2400000.0,
re_export,Lithuania,2011,6540000.0,
re_export,Luxembourg,2011,6660000.0,
re_export,Malta,2011,60000.0,
re_export,Netherlands,2011,106140000.0,
re_export,Poland,2011,82200000.0,
re_export,Portugal,2011,12600000.0,
re_export,Romania,2011,2520000.0,
re_export,Slovakia,2011,23340000.0,
re_export,Slovenia,2011,900000.0,
re_export,Spain,2011,100320000.0,
re_export,Sweden,2011,31320000.0,
re_export,Japan,2011,4800000.0,
re_export,Norway,2011,600000.0,
re_export,Russian Federation,2011,27780000.0,
re_export,Switzerland,2011,84840000.0,
re_export,Tunisia,2011,780000.0,
re_export,United Kingdom,2011,75840000.0,
re_export,United States of America,2011,223680000.0,
re_export,Austria,2012,18240000.0,
re_export,Belgium,2012,285240000.0,
re_export,Belgium/Luxembourg,2012,,
re_export,Bulgaria,2012,11040000.0,
re_export,Croatia,2012,1440000.0,
re_export,Cyprus,2012,60000.0,
re_export,Czechia,2012,26460000.0,
re_export,Denmark,2012,6780000.0,
re_export,Estonia,2012,3180000.0,
re_export,Finland,2012,9360000.0,
re_export,France,2012,61140000.0,
re_export,Germany,2012,755400000.0,
re_export,Greece,2012,10080000.0,
re_export,Hungary,2012,29760000.0,
re_export,Ireland,2012,2220000.0,
re_export,Italy,2012,177840000.0,
re_export,Latvia,2012,3360000.0,
re_export,Lithuania,2012,8580000.0,
re_export,Luxembourg,2012,6660000.0,
re_export,Malta,2012,0.0,
re_export,Netherlands,2012,80820000.0,
re_export,Poland,2012,96420000.0,
re_export,Portugal,2012,13680000.0,
re_export,Romania,2012,3240000.0,
re_export,Slovakia,2012,34260000.0,
re_export,Slovenia,2012,2160000.0,
re_export,Spain,2012,99540000.0,
re_export,Sweden,2012,31200000.0,
re_export,Japan,2012,4260000.0,
re_export,Norway,2012,720000.0,
re_export,Russian Federation,2012,28740000.0,
re_export,Switzerland,2012,85500000.0,
re_export,Tunisia,2012,1080000.0,
re_export,United Kingdom,2012,72000000.0,
re_export,United States of America,2012,203040000.0,
re_export,Austria,2013,18660000.0,
re_export,Belgium,2013,255420000.0,
re_export,Belgium/Luxembourg,2013,,
re_export,Bulgaria,2013,11460000.0,
re_export,Croatia,2013,1560000.0,
re_export,Cyprus,2013,120000.0,
re_export,Czechia,2013,32760000.0,
re_export,Denmark,2013,5940000.0,
re_export,Estonia,2013,2160000.0,
re_export,Finland,2013,10860000.0,
re_export,France,2013,60840000.0,
re_export,Germany,2013,721200000.0,
re_export,Greece,2013,10140000.0,
re_export,Hungary,2013,22860000.0,
re_export,Ireland,2013,2280000.0,
re_export,Italy,2013,190980000.0,
re_export,Latvia,2013,3960000.0,
re_export,Lithuania,2013,9900000.0,
re_export,Luxembourg,2013,8220000.0,
re_export,Malta,2013,0.0,
re_export,Netherlands,2013,106860000.0,
re_export,Poland,2013,96900000.0,
re_export,Portugal,2013,12720000.0,
re_export,Romania,2013,4800000.0,
re_export,Slovakia,2013,28200000.0,
re_export,Slovenia,2013,4440000.0,
re_export,Spain,2013,98160000.0,
re_export,Sweden,2013,32040000.0,
re_export,Japan,2013,5520000.0,
re_export,Norway,2013,1080000.0,
re_export,Russian Federation,2013,45720000.0,
re_export,Switzerland,2013,92820000.0,
re_export,Tunisia,2013,600000.0,
re_export,United Kingdom,2013,82800000.0,
re_export,United States of America,2013,194880000.0,
re_export,Austria,2014,23160000.0,
re_export,Belgium,2014,237180000.0,
re_export,Belgium/Luxembourg,2014,,
re_export,Bulgaria,2014,14640000.0,
re_export,Croatia,2014,3060000.0,
re_export,Cyprus,2014,480000.0,
re_export,Czechia,2014,49500000.0,
re_export,Denmark,2014,6300000.0,
re_export,Estonia,2014,840000.0,
re_export,Finland,2014,10980000.0,
re_export,France,2014,65820000.0,
re_export,Germany,2014,774660000.0,
re_export,Greece,2014,8760000.0,
re_export,Hungary,2014,26040000.0,
re_export,Ireland,2014,2160000.0,
re_export,Italy,2014,208140000.0,
re_export,Latvia,2014,6180000.0,
re_export,Lithuania,2014,10380000.0,
re_export,Luxembourg,2014,9480000.0,
re_export,Malta,2014,0.0,
re_export,Netherlands,2014,132960000.0,
re_export,Poland,2014,124740000.0,
re_export,Portugal,2014,13620000.0,
re_export,Romania,2014,2760000.0,
re_export,Slovakia,2014,25260000.0,
re_export,Slovenia,2014,4860000.0,
re_export,Spain,2014,114360000.0,
re_export,Sweden,2014,32820000.0,
re_export,Japan,2014,6660000.0,
re_export,Norway,2014,840000.0,
re_export,Russian Federation,2014,43560000.0,
re_export,Switzerland,2014,96960000.0,
re_export,Tunisia,2014,0.0,
re_export,United Kingdom,2014,83400000.0,
re_export,United States of America,2014,201660000.0,
re_export,Austria,2015,22680000.0,
re_export,Belgium,2015,267600000.0,
re_export,Belgium/Luxembourg,2015,,
re_export,Bulgaria,2015,16500000.0,
re_export,Croatia,2015,3780000.0,
re_export,Cyprus,2015,180000.0,
re_export,Czechia,2015,81540000.0,
re_export,Denmark,2015,6540000.0,
re_export,Estonia,2015,420000.0,
re_export,Finland,2015,12660000.0,
re_export,France,2015,72540000.0,
re_export,Germany,2015,749760000.0,
re_export,Greece,2015,9660000.0,
re_export,Hungary,2015,18660000.0,
re_export,Ireland,2015,3900000.0,
re_export,Italy,2015,220140000.0,
re_export,Latvia,2015,5700000.0,
re_export,Lithuania,2015,12960000.0,
re_export,Luxembourg,2015,9240000.0,
re_export,Malta,2015,60000.0,
re_export,Netherlands,2015,148800000.0,
re_export,Poland,2015,134760000.0,
re_export,Portugal,2015,13920000.0,
re_export,Romania,2015,1800000.0,
re_export,Slovakia,2015,38580000.0,
re_export,Slovenia,2015,5040000.0,
re_export,Spain,2015,114480000.0,
re_export,Sweden,2015,29880000.0,
re_export,Japan,2015,7020000.0,
re_export,Norway,2015,720000.0,
re_export,Russian Federation,2015,51840000.0,
re_export,Switzerland,2015,98460000.0,
re_export,Tunisia,2015,60000.0,
re_export,United Kingdom,2015,78120000.0,
re_export,United States of America,2015,177480000.0,
re_export,Austria,2016,18480000.0,
re_export,Belgium,2016,273000000.0,
re_export,Belgium/Luxembourg,2016,,
re_export,Bulgaria,2016,19620000.0,
re_export,Croatia,2016,5940000.0,
re_export,Cyprus,2016,240000.0,
re_export,Czechia,2016,58380000.0,
re_export,Denmark,2016,9120000.0,
re_export,Estonia,2016,780000.0,
re_export,Finland,2016,14520000.0,
re_export,France,2016,77880000.0,
re_export,Germany,2016,798780000.0,
re_export,Greece,2016,11820000.0,
re_export,Hungary,2016,21300000.0,
re_export,Ireland,2016,5100000.0,
re_export,Italy,2016,251580000.0,
re_export,Latvia,2016,7200000.0,
re_export,Lithuania,2016,15420000.0,
re_export,Luxembourg,2016,10260000.0,
re_export,Malta,2016,60000.0,
re_export,Netherlands,2016,162120000.0,
re_export,Poland,2016,111120000.0,
re_export,Portugal,2016,15720000.0,
re_export,Romania,2016,3660000.0,
re_export,Slovakia,2016,40800000.0,
re_export,Slovenia,2016,7800000.0,
re_export,Spain,2016,127500000.0,
re_export,Sweden,2016,33120000.0,
re_export,Japan,2016,6660000.0,
re_export,Norway,2016,1080000.0,
re_export,Russian Federation,2016,47640000.0,
re_export,Switzerland,2016,104880000.0,
re_export,Tunisia,2016,0.0,
re_export,United Kingdom,2016,94080000.0,
re_export,United States of America,2016,190500000.0,
re_export,Austria,2017,18480000.0,
re_export,Belgium,2017,262620000.0,
re_export,Belgium/Luxembourg,2017,,
re_export,Bulgaria,2017,17520000.0,
re_export,Croatia,2017,4680000.0,
re_export,Cyprus,2017,120000.0,
re_export,Czechia,2017,42180000.0,
re_export,Denmark,2017,7200000.0,
re_export,Estonia,2017,1500000.0,
re_export,Finland,2017,17880000.0,
re_export,France,2017,90840000.0,
re_export,Germany,2017,816000000.0,
re_export,Greece,2017,6660000.0,
re_export,Hungary,2017,18780000.0,
re_export,Ireland,2017,8220000.0,
re_export,Italy,2017,265020000.0,
re_export,Latvia,2017,6660000.0,
re_export,Lithuania,2017,11520000.0,
re_export,Luxembourg,2017,10140000.0,
re_export,Malta,2017,0.0,
re_export,Netherlands,2017,186240000.0,
re_export,Poland,2017,105480000.0,
re_export,Portugal,2017,15000000.0,
re_export,Romania,2017,3060000.0,
re_export,Slovakia,2017,34260000.0,
re_export,Slovenia,2017,12720000.0,
re_export,Spain,2017,136500000.0,
re_export,Sweden,2017,34860000.0,
re_export,Japan,2017,6780000.0,
re_export,Norway,2017,1140000.0,
re_export,Russian Federation,2017,57360000.0,
re_export,Switzerland,2017,111660000.0,
re_export,Tunisia,2017,0.0,
re_export,United Kingdom,2017,99720000.0,
re_export,United States of America,2017,175800000.0,
re_export,Austria,2018,15420000.0,
re_export,Belgium,2018,262620000.0,
re_export,Belgium/Luxembourg,2018,,
re_export,Bulgaria,2018,18720000.0,
re_export,Croatia,2018,5160000.0,
re_export,Cyprus,2018,60000.0,
re_export,Czechia,2018,44760000.0,
re_export,Denmark,2018,7680000.0,
re_export,Estonia,2018,1260000.0,
re_export,Finland,2018,10740000.0,
re_export,France,2018,98940000.0,
re_export,Germany,2018,826200000.0,
re_export,Greece,2018,6060000.0,
re_export,Hungary,2018,19920000.0,
re_export,Ireland,2018,4140000.0,
re_export,Italy,2018,279540000.0,
re_export,Latvia,2018,8700000.0,
re_export,Lithuania,2018,10800000.0,
re_export,Luxembourg,2018,10680000.0,
re_export,Malta,2018,0.0,
re_export,Netherlands,2018,202560000.0,
re_export,Poland,2018,113340000.0,
re_export,Portugal,2018,16020000.0,
re_export,Romania,2018,3240000.0,
re_export,Slovakia,2018,36720000.0,
re_export,Slovenia,2018,19920000.0,
re_export,Spain,2018,155100000.0,
re_export,Sweden,2018,34740000.0,
re_export,Japan,2018,7440000.0,
re_export,Norway,2018,540000.0,
re_export,Russian Federation,2018,63240000.0,
re_export,Switzerland,2018,116760000.0,
re_export,Tunisia,2018,0.0,
re_export,United Kingdom,2018,113340000.0,
re_export,United States of America,2018,174120000.0,
re_export,Austria,2019,16440000.0,
re_export,Belgium,2019,300840000.0,
re_export,Belgium/Luxembourg,2019,,
re_export,Bulgaria,2019,21720000.0,
re_export,Croatia,2019,5160000.0,
re_export,Cyprus,2019,1380000.0,
re_export,Czechia,2019,45960000.0,
re_export,Denmark,2019,7800000.0,
re_export,Estonia,2019,1500000.0,
re_export,Finland,2019,10080000.0,
re_export,France,2019,108720000.0,
re_export,Germany,2019,828060000.0,
re_export,Greece,2019,6420000.0,
re_export,Hungary,2019,21300000.0,
re_export,Ireland,2019,4140000.0,
re_export,Italy,2019,326280000.0,
re_export,Latvia,2019,7260000.0,
re_export,Lithuania,2019,13320000.0,
re_export,Luxembourg,2019,10740000.0,
re_export,Malta,2019,0.0,
re_export,Netherlands,2019,199440000.0,
re_export,Poland,2019,117120000.0,
re_export,Portugal,2019,17340000.0,
re_export,Romania,2019,3420000.0,
re_export,Slovakia,2019,32820000.0,
re_export,Slovenia,2019,24900000.0,
re_export,Spain,2019,166560000.0,
re_export,Sweden,2019,34740000.0,
re_export,Japan,2019,9480000.0,
re_export,Norway,2019,900000.0,
re_export,Russian Federation,2019,65820000.0,
re_export,Switzerland,2019,126840000.0,
re_export,Tunisia,2019,0.0,
re_export,United Kingdom,2019,106800000.0,
re_export,United States of America,2019,170520000.0,
export,Angola,1990,5040000.0,
export,Bolivia (Plurinational State of),1990,9360000.0,
export,Brazil,1990,1016160000.0,
export,Burundi,1990,35100000.0,
export,Cameroon,1990,156660000.0,
export,Central African Republic,1990,11820000.0,
export,Colombia,1990,836640000.0,
export,Congo,1990,120000.0,
export,Costa Rica,1990,135960000.0,
export,Côte d'Ivoire,1990,256980000.0,
export,Cuba,1990,10920000.0,
export,Democratic Republic of Congo,1990,110340000.0,
export,Dominican Republic,1990,32100000.0,
export,Ecuador,1990,107040000.0,
export,El Salvador,1990,150600000.0,
export,Equatorial Guinea,1990,420000.0,
export,Ethiopia,1990,64440000.0,
export,Gabon,1990,120000.0,
export,Ghana,1990,660000.0,
export,Guatemala,1990,194400000.0,
export,Guinea,1990,7320000.0,
export,Guyana,1990,,
export,Haiti,1990,11460000.0,
export,Honduras,1990,104100000.0,
export,India,1990,118740000.0,
export,Indonesia,1990,414180000.0,
export,Jamaica,1990,900000.0,
export,Kenya,1990,118140000.0,
export,Lao People's Democratic Republic,1990,5880000.0,
export,Liberia,1990,1320000.0,
export,Madagascar,1990,51780000.0,
export,Malawi,1990,7440000.0,
export,Mexico,1990,220980000.0,
export,Nepal,1990,,
export,Nicaragua,1990,40260000.0,
export,Nigeria,1990,240000.0,
export,Panama,1990,7920000.0,
export,Papua New Guinea,1990,63060000.0,
export,Paraguay,1990,15780000.0,
export,Peru,1990,66300000.0,
export,Philippines,1990,10080000.0,
export,Rwanda,1990,46740000.0,
export,Sierra Leone,1990,8400000.0,
export,Sri Lanka,1990,1140000.0,
export,Tanzania,1990,61140000.0,
export,Thailand,1990,60060000.0,
export,Timor-Leste,1990,,
export,Togo,1990,14340000.0,
export,Trinidad & Tobago,1990,1800000.0,
export,Uganda,1990,141180000.0,
export,Venezuela,1990,16680000.0,
export,Viet Nam,1990,68700000.0,
export,Yemen,1990,3000000.0,
export,Zambia,1990,1440000.0,
export,Zimbabwe,1990,15060000.0,
export,Angola,1991,4260000.0,
export,Bolivia (Plurinational State of),1991,4440000.0,
export,Brazil,1991,1270980000.0,
export,Burundi,1991,41280000.0,
export,Cameroon,1991,105120000.0,
export,Central African Republic,1991,8460000.0,
export,Colombia,1991,755940000.0,
export,Congo,1991,60000.0,
export,Costa Rica,1991,144000000.0,
export,Côte d'Ivoire,1991,228300000.0,
export,Cuba,1991,7260000.0,
export,Democratic Republic of Congo,1991,85080000.0,
export,Dominican Republic,1991,28560000.0,
export,Ecuador,1991,84960000.0,
export,El Salvador,1991,128880000.0,
export,Equatorial Guinea,1991,180000.0,
export,Ethiopia,1991,50460000.0,
export,Gabon,1991,180000.0,
export,Ghana,1991,960000.0,
export,Guatemala,1991,169920000.0,
export,Guinea,1991,3660000.0,
export,Guyana,1991,,
export,Haiti,1991,9060000.0,
export,Honduras,1991,86640000.0,
export,India,1991,103620000.0,
export,Indonesia,1991,370260000.0,
export,Jamaica,1991,1020000.0,
export,Kenya,1991,93480000.0,
export,Lao People's Democratic Republic,1991,5880000.0,
export,Liberia,1991,0.0,
export,Madagascar,1991,35280000.0,
export,Malawi,1991,6000000.0,
export,Mexico,1991,211860000.0,
export,Nepal,1991,,
export,Nicaragua,1991,23520000.0,
export,Nigeria,1991,60000.0,
export,Panama,1991,7440000.0,
export,Papua New Guinea,1991,47280000.0,
export,Paraguay,1991,7200000.0,
export,Peru,1991,62520000.0,
export,Philippines,1991,6180000.0,
export,Rwanda,1991,28440000.0,
export,Sierra Leone,1991,6240000.0,
export,Sri Lanka,1991,1320000.0,
export,Tanzania,1991,52260000.0,
export,Thailand,1991,32460000.0,
export,Timor-Leste,1991,,
export,Togo,1991,9300000.0,
export,Trinidad & Tobago,1991,480000.0,
export,Uganda,1991,125700000.0,
export,Venezuela,1991,7680000.0,
export,Viet Nam,1991,72060000.0,
export,Yemen,1991,4320000.0,
export,Zambia,1991,1740000.0,
export,Zimbabwe,1991,14340000.0,
export,Angola,1992,4800000.0,
export,Bolivia (Plurinational State of),1992,5760000.0,
export,Brazil,1992,1127460000.0,
export,Burundi,1992,38760000.0,
export,Cameroon,1992,98760000.0,
export,Central African Republic,1992,6000000.0,
export,Colombia,1992,993840000.0,
export,Congo,1992,0.0,
export,Costa Rica,1992,145860000.0,
export,Côte d'Ivoire,1992,272760000.0,
export,Cuba,1992,9780000.0,
export,Democratic Republic of Congo,1992,57240000.0,
export,Dominican Republic,1992,22140000.0,
export,Ecuador,1992,76380000.0,
export,El Salvador,1992,127200000.0,
export,Equatorial Guinea,1992,180000.0,
export,Ethiopia,1992,44040000.0,
export,Gabon,1992,60000.0,
export,Ghana,1992,1920000.0,
export,Guatemala,1992,199680000.0,
export,Guinea,1992,3480000.0,
export,Guyana,1992,60000.0,
export,Haiti,1992,9960000.0,
export,Honduras,1992,117600000.0,
export,India,1992,108960000.0,
export,Indonesia,1992,276240000.0,
export,Jamaica,1992,1320000.0,
export,Kenya,1992,83040000.0,
export,Lao People's Democratic Republic,1992,6120000.0,
export,Liberia,1992,0.0,
export,Madagascar,1992,44160000.0,
export,Malawi,1992,7680000.0,
export,Mexico,1992,199920000.0,
export,Nepal,1992,,
export,Nicaragua,1992,38160000.0,
export,Nigeria,1992,660000.0,
export,Panama,1992,7500000.0,
export,Papua New Guinea,1992,55020000.0,
export,Paraguay,1992,2400000.0,
export,Peru,1992,63660000.0,
export,Philippines,1992,2460000.0,
export,Rwanda,1992,38700000.0,
export,Sierra Leone,1992,2820000.0,
export,Sri Lanka,1992,900000.0,
export,Tanzania,1992,49680000.0,
export,Thailand,1992,69840000.0,
export,Timor-Leste,1992,,
export,Togo,1992,18780000.0,
export,Trinidad & Tobago,1992,120000.0,
export,Uganda,1992,117660000.0,
export,Venezuela,1992,8160000.0,
export,Viet Nam,1992,116280000.0,
export,Yemen,1992,2220000.0,
export,Zambia,1992,1860000.0,
export,Zimbabwe,1992,9720000.0,
export,Angola,1993,2340000.0,
export,Bolivia (Plurinational State of),1993,2820000.0,
export,Brazil,1993,1070280000.0,
export,Burundi,1993,25080000.0,
export,Cameroon,1993,42300000.0,
export,Central African Republic,1993,8220000.0,
export,Colombia,1993,814080000.0,
export,Congo,1993,60000.0,
export,Costa Rica,1993,141840000.0,
export,Côte d'Ivoire,1993,241980000.0,
export,Cuba,1993,6960000.0,
export,Democratic Republic of Congo,1993,55200000.0,
export,Dominican Republic,1993,19860000.0,
export,Ecuador,1993,95940000.0,
export,El Salvador,1993,176820000.0,
export,Equatorial Guinea,1993,120000.0,
export,Ethiopia,1993,70020000.0,
export,Gabon,1993,120000.0,
export,Ghana,1993,2820000.0,
export,Guatemala,1993,225060000.0,
export,Guinea,1993,900000.0,
export,Guyana,1993,0.0,
export,Haiti,1993,9540000.0,
export,Honduras,1993,102300000.0,
export,India,1993,126120000.0,
export,Indonesia,1993,339720000.0,
export,Jamaica,1993,1440000.0,
export,Kenya,1993,86340000.0,
export,Lao People's Democratic Republic,1993,8520000.0,
export,Liberia,1993,0.0,
export,Madagascar,1993,37680000.0,
export,Malawi,1993,6240000.0,
export,Mexico,1993,195840000.0,
export,Nepal,1993,,
export,Nicaragua,1993,28560000.0,
export,Nigeria,1993,600000.0,
export,Panama,1993,7740000.0,
export,Papua New Guinea,1993,63300000.0,
export,Paraguay,1993,3480000.0,
export,Peru,1993,46500000.0,
export,Philippines,1993,2100000.0,
export,Rwanda,1993,28860000.0,
export,Sierra Leone,1993,2460000.0,
export,Sri Lanka,1993,840000.0,
export,Tanzania,1993,62220000.0,
export,Thailand,1993,58920000.0,
export,Timor-Leste,1993,,
export,Togo,1993,13080000.0,
export,Trinidad & Tobago,1993,600000.0,
export,Uganda,1993,109740000.0,
export,Venezuela,1993,31500000.0,
export,Viet Nam,1993,124320000.0,
export,Yemen,1993,3060000.0,
export,Zambia,1993,1380000.0,
export,Zimbabwe,1993,4200000.0,
export,Angola,1994,480000.0,
export,Bolivia (Plurinational State of),1994,5040000.0,
export,Brazil,1994,1036380000.0,
export,Burundi,1994,30480000.0,
export,Cameroon,1994,32760000.0,
export,Central African Republic,1994,8220000.0,
export,Colombia,1994,706080000.0,
export,Congo,1994,60000.0,
export,Costa Rica,1994,126300000.0,
export,Côte d'Ivoire,1994,146640000.0,
export,Cuba,1994,8160000.0,
export,Democratic Republic of Congo,1994,45660000.0,
export,Dominican Republic,1994,19920000.0,
export,Ecuador,1994,128700000.0,
export,El Salvador,1994,125580000.0,
export,Equatorial Guinea,1994,60000.0,
export,Ethiopia,1994,88500000.0,
export,Gabon,1994,300000.0,
export,Ghana,1994,660000.0,
export,Guatemala,1994,196440000.0,
export,Guinea,1994,3000000.0,
export,Guyana,1994,0.0,
export,Haiti,1994,6180000.0,
export,Honduras,1994,103080000.0,
export,India,1994,149760000.0,
export,Indonesia,1994,276300000.0,
export,Jamaica,1994,960000.0,
export,Kenya,1994,81480000.0,
export,Lao People's Democratic Republic,1994,9180000.0,
export,Liberia,1994,0.0,
export,Madagascar,1994,26160000.0,
export,Malawi,1994,4680000.0,
export,Mexico,1994,167340000.0,
export,Nepal,1994,,
export,Nicaragua,1994,37440000.0,
export,Nigeria,1994,480000.0,
export,Panama,1994,4560000.0,
export,Papua New Guinea,1994,69420000.0,
export,Paraguay,1994,2880000.0,
export,Peru,1994,63420000.0,
export,Philippines,1994,7560000.0,
export,Rwanda,1994,1800000.0,
export,Sierra Leone,1994,3720000.0,
export,Sri Lanka,1994,2820000.0,
export,Tanzania,1994,37920000.0,
export,Thailand,1994,68160000.0,
export,Timor-Leste,1994,,
export,Togo,1994,9960000.0,
export,Trinidad & Tobago,1994,300000.0,
export,Uganda,1994,202140000.0,
export,Venezuela,1994,23160000.0,
export,Viet Nam,1994,163260000.0,
export,Yemen,1994,5580000.0,
export,Zambia,1994,1440000.0,
export,Zimbabwe,1994,1920000.0,
export,Angola,1995,2460000.0,
export,Bolivia (Plurinational State of),1995,5640000.0,
export,Brazil,1995,868080000.0,
export,Burundi,1995,31680000.0,
export,Cameroon,1995,24420000.0,
export,Central African Republic,1995,13920000.0,
export,Colombia,1995,588840000.0,
export,Congo,1995,1140000.0,
export,Costa Rica,1995,124020000.0,
export,Côte d'Ivoire,1995,149640000.0,
export,Cuba,1995,7320000.0,
export,Democratic Republic of Congo,1995,63060000.0,
export,Dominican Republic,1995,27060000.0,
export,Ecuador,1995,92400000.0,
export,El Salvador,1995,108420000.0,
export,Equatorial Guinea,1995,180000.0,
export,Ethiopia,1995,76560000.0,
export,Gabon,1995,180000.0,
export,Ghana,1995,2280000.0,
export,Guatemala,1995,222060000.0,
export,Guinea,1995,9120000.0,
export,Guyana,1995,0.0,
export,Haiti,1995,9120000.0,
export,Honduras,1995,107760000.0,
export,India,1995,148020000.0,
export,Indonesia,1995,236820000.0,
export,Jamaica,1995,1560000.0,
export,Kenya,1995,87000000.0,
export,Lao People's Democratic Republic,1995,9900000.0,
export,Liberia,1995,0.0,
export,Madagascar,1995,35100000.0,
export,Malawi,1995,5520000.0,
export,Mexico,1995,217560000.0,
export,Nepal,1995,,
export,Nicaragua,1995,40860000.0,
export,Nigeria,1995,900000.0,
export,Panama,1995,10860000.0,
export,Papua New Guinea,1995,60120000.0,
export,Paraguay,1995,1260000.0,
export,Peru,1995,105600000.0,
export,Philippines,1995,3420000.0,
export,Rwanda,1995,18840000.0,
export,Sierra Leone,1995,4260000.0,
export,Sri Lanka,1995,1320000.0,
export,Tanzania,1995,44700000.0,
export,Thailand,1995,72600000.0,
export,Timor-Leste,1995,,
export,Togo,1995,12000000.0,
export,Trinidad & Tobago,1995,240000.0,
export,Uganda,1995,184740000.0,
export,Venezuela,1995,5820000.0,
export,Viet Nam,1995,212760000.0,
export,Yemen,1995,4620000.0,
export,Zambia,1995,1260000.0,
export,Zimbabwe,1995,9420000.0,
export,Angola,1996,3120000.0,
export,Bolivia (Plurinational State of),1996,7380000.0,
export,Brazil,1996,915060000.0,
export,Burundi,1996,13440000.0,
export,Cameroon,1996,33840000.0,
export,Central African Republic,1996,5880000.0,
export,Colombia,1996,635280000.0,
export,Congo,1996,780000.0,
export,Costa Rica,1996,145800000.0,
export,Côte d'Ivoire,1996,165060000.0,
export,Cuba,1996,6720000.0,
export,Democratic Republic of Congo,1996,52920000.0,
export,Dominican Republic,1996,27180000.0,
export,Ecuador,1996,92340000.0,
export,El Salvador,1996,138840000.0,
export,Equatorial Guinea,1996,120000.0,
export,Ethiopia,1996,110280000.0,
export,Gabon,1996,120000.0,
export,Ghana,1996,240000.0,
export,Guatemala,1996,238740000.0,
export,Guinea,1996,1920000.0,
export,Guyana,1996,0.0,
export,Haiti,1996,9360000.0,
export,Honduras,1996,123600000.0,
export,India,1996,186180000.0,
export,Indonesia,1996,386400000.0,
export,Jamaica,1996,1620000.0,
export,Kenya,1996,114120000.0,
export,Lao People's Democratic Republic,1996,8640000.0,
export,Liberia,1996,0.0,
export,Madagascar,1996,43080000.0,
export,Malawi,1996,3600000.0,
export,Mexico,1996,277980000.0,
export,Nepal,1996,,
export,Nicaragua,1996,49320000.0,
export,Nigeria,1996,420000.0,
export,Panama,1996,8340000.0,
export,Papua New Guinea,1996,65400000.0,
export,Paraguay,1996,960000.0,
export,Peru,1996,100740000.0,
export,Philippines,1996,1620000.0,
export,Rwanda,1996,15900000.0,
export,Sierra Leone,1996,1740000.0,
export,Sri Lanka,1996,720000.0,
export,Tanzania,1996,58200000.0,
export,Thailand,1996,52380000.0,
export,Timor-Leste,1996,,
export,Togo,1996,5100000.0,
export,Trinidad & Tobago,1996,240000.0,
export,Uganda,1996,279300000.0,
export,Venezuela,1996,29700000.0,
export,Viet Nam,1996,226740000.0,
export,Yemen,1996,2520000.0,
export,Zambia,1996,2160000.0,
export,Zimbabwe,1996,9000000.0,
export,Angola,1997,3000000.0,
export,Bolivia (Plurinational State of),1997,6660000.0,
export,Brazil,1997,1008060000.0,
export,Burundi,1997,31740000.0,
export,Cameroon,1997,82080000.0,
export,Central African Republic,1997,12180000.0,
export,Colombia,1997,655140000.0,
export,Congo,1997,180000.0,
export,Costa Rica,1997,125940000.0,
export,Côte d'Ivoire,1997,282780000.0,
export,Cuba,1997,6420000.0,
export,Democratic Republic of Congo,1997,32640000.0,
export,Dominican Republic,1997,18420000.0,
export,Ecuador,1997,62700000.0,
export,El Salvador,1997,166320000.0,
export,Equatorial Guinea,1997,60000.0,
export,Ethiopia,1997,118800000.0,
export,Gabon,1997,0.0,
export,Ghana,1997,1800000.0,
export,Guatemala,1997,254640000.0,
export,Guinea,1997,6840000.0,
export,Guyana,1997,0.0,
export,Haiti,1997,6060000.0,
export,Honduras,1997,103320000.0,
export,India,1997,158400000.0,
export,Indonesia,1997,345300000.0,
export,Jamaica,1997,1800000.0,
export,Kenya,1997,69540000.0,
export,Lao People's Democratic Republic,1997,6600000.0,
export,Liberia,1997,0.0,
export,Madagascar,1997,28800000.0,
export,Malawi,1997,3600000.0,
export,Mexico,1997,270120000.0,
export,Nepal,1997,,
export,Nicaragua,1997,42840000.0,
export,Nigeria,1997,420000.0,
export,Panama,1997,7440000.0,
export,Papua New Guinea,1997,62580000.0,
export,Paraguay,1997,2100000.0,
export,Peru,1997,98880000.0,
export,Philippines,1997,1860000.0,
export,Rwanda,1997,13080000.0,
export,Sierra Leone,1997,2820000.0,
export,Sri Lanka,1997,1260000.0,
export,Tanzania,1997,39300000.0,
export,Thailand,1997,63960000.0,
export,Timor-Leste,1997,,
export,Togo,1997,18780000.0,
export,Trinidad & Tobago,1997,240000.0,
export,Uganda,1997,210120000.0,
export,Venezuela,1997,6300000.0,
export,Viet Nam,1997,370680000.0,
export,Yemen,1997,4800000.0,
export,Zambia,1997,2340000.0,
export,Zimbabwe,1997,6540000.0,
export,Angola,1998,3240000.0,
export,Bolivia (Plurinational State of),1998,5820000.0,
export,Brazil,1998,1088640000.0,
export,Burundi,1998,22440000.0,
export,Cameroon,1998,44760000.0,
export,Central African Republic,1998,6120000.0,
export,Colombia,1998,675600000.0,
export,Congo,1998,0.0,
export,Costa Rica,1998,122700000.0,
export,Côte d'Ivoire,1998,261900000.0,
export,Cuba,1998,9120000.0,
export,Democratic Republic of Congo,1998,38400000.0,
export,Dominican Republic,1998,21600000.0,
export,Ecuador,1998,63360000.0,
export,El Salvador,1998,101040000.0,
export,Equatorial Guinea,1998,120000.0,
export,Ethiopia,1998,115020000.0,
export,Gabon,1998,120000.0,
export,Ghana,1998,1080000.0,
export,Guatemala,1998,212520000.0,
export,Guinea,1998,13680000.0,
export,Guyana,1998,0.0,
export,Haiti,1998,7620000.0,
export,Honduras,1998,139740000.0,
export,India,1998,209220000.0,
export,Indonesia,1998,335880000.0,
export,Jamaica,1998,1020000.0,
export,Kenya,1998,50460000.0,
export,Lao People's Democratic Republic,1998,6720000.0,
export,Liberia,1998,180000.0,
export,Madagascar,1998,47760000.0,
export,Malawi,1998,3540000.0,
export,Mexico,1998,203940000.0,
export,Nepal,1998,,
export,Nicaragua,1998,56460000.0,
export,Nigeria,1998,600000.0,
export,Panama,1998,8700000.0,
export,Papua New Guinea,1998,80940000.0,
export,Paraguay,1998,1140000.0,
export,Peru,1998,116940000.0,
export,Philippines,1998,1260000.0,
export,Rwanda,1998,12840000.0,
export,Sierra Leone,1998,2520000.0,
export,Sri Lanka,1998,1620000.0,
export,Tanzania,1998,44520000.0,
export,Thailand,1998,46680000.0,
export,Timor-Leste,1998,,
export,Togo,1998,9960000.0,
export,Trinidad & Tobago,1998,300000.0,
export,Uganda,1998,197160000.0,
export,Venezuela,1998,16080000.0,
export,Viet Nam,1998,388020000.0,
export,Yemen,1998,4260000.0,
export,Zambia,1998,1980000.0,
export,Zimbabwe,1998,9180000.0,
export,Angola,1999,3000000.0,
export,Bolivia (Plurinational State of),1999,7440000.0,
export,Brazil,1999,1388940000.0,
export,Burundi,1999,24540000.0,
export,Cameroon,1999,69240000.0,
export,Central African Republic,1999,11700000.0,
export,Colombia,1999,599700000.0,
export,Congo,1999,0.0,
export,Costa Rica,1999,131700000.0,
export,Côte d'Ivoire,1999,144360000.0,
export,Cuba,1999,4620000.0,
export,Democratic Republic of Congo,1999,29220000.0,
export,Dominican Republic,1999,9660000.0,
export,Ecuador,1999,59280000.0,
export,El Salvador,1999,113400000.0,
export,Equatorial Guinea,1999,60000.0,
export,Ethiopia,1999,109080000.0,
export,Gabon,1999,120000.0,
export,Ghana,1999,5640000.0,
export,Guatemala,1999,280860000.0,
export,Guinea,1999,18060000.0,
export,Guyana,1999,60000.0,
export,Haiti,1999,4320000.0,
export,Honduras,1999,119220000.0,
export,India,1999,217320000.0,
export,Indonesia,1999,306900000.0,
export,Jamaica,1999,1440000.0,
export,Kenya,1999,66840000.0,
export,Lao People's Democratic Republic,1999,11460000.0,
export,Liberia,1999,900000.0,
export,Madagascar,1999,27840000.0,
export,Malawi,1999,3240000.0,
export,Mexico,1999,261480000.0,
export,Nepal,1999,,
export,Nicaragua,1999,59040000.0,
export,Nigeria,1999,540000.0,
export,Panama,1999,7080000.0,
export,Papua New Guinea,1999,79200000.0,
export,Paraguay,1999,180000.0,
export,Peru,1999,144420000.0,
export,Philippines,1999,540000.0,
export,Rwanda,1999,18840000.0,
export,Sierra Leone,1999,1380000.0,
export,Sri Lanka,1999,1020000.0,
export,Tanzania,1999,38580000.0,
export,Thailand,1999,29580000.0,
export,Timor-Leste,1999,,
export,Togo,1999,19260000.0,
export,Trinidad & Tobago,1999,180000.0,
export,Uganda,1999,230460000.0,
export,Venezuela,1999,27840000.0,
export,Viet Nam,1999,463620000.0,
export,Yemen,1999,4080000.0,
export,Zambia,1999,3060000.0,
export,Zimbabwe,1999,7860000.0,
export,Angola,2000,1320000.0,
export,Bolivia (Plurinational State of),2000,6360000.0,
export,Brazil,2000,1080960000.0,
export,Burundi,2000,26640000.0,
export,Cameroon,2000,72300000.0,
export,Central African Republic,2000,12180000.0,
export,Colombia,2000,550620000.0,
export,Congo,2000,0.0,
export,Costa Rica,2000,117900000.0,
export,Côte d'Ivoire,2000,366600000.0,
export,Cuba,2000,6780000.0,
export,Democratic Republic of Congo,2000,16860000.0,
export,Dominican Republic,2000,9300000.0,
export,Ecuador,2000,41820000.0,
export,El Salvador,2000,152220000.0,
export,Equatorial Guinea,2000,0.0,
export,Ethiopia,2000,118920000.0,
export,Gabon,2000,60000.0,
export,Ghana,2000,5460000.0,
export,Guatemala,2000,291120000.0,
export,Guinea,2000,17520000.0,
export,Guyana,2000,60000.0,
export,Haiti,2000,4380000.0,
export,Honduras,2000,172740000.0,
export,India,2000,253740000.0,
export,Indonesia,2000,321480000.0,
export,Jamaica,2000,1740000.0,
export,Kenya,2000,79680000.0,
export,Lao People's Democratic Republic,2000,15300000.0,
export,Liberia,2000,240000.0,
export,Madagascar,2000,12960000.0,
export,Malawi,2000,3660000.0,
export,Mexico,2000,318240000.0,
export,Nepal,2000,,
export,Nicaragua,2000,82020000.0,
export,Nigeria,2000,420000.0,
export,Panama,2000,4320000.0,
export,Papua New Guinea,2000,62580000.0,
export,Paraguay,2000,300000.0,
export,Peru,2000,141720000.0,
export,Philippines,2000,300000.0,
export,Rwanda,2000,16200000.0,
export,Sierra Leone,2000,2400000.0,
export,Sri Lanka,2000,120000.0,
export,Tanzania,2000,44400000.0,
export,Thailand,2000,58200000.0,
export,Timor-Leste,2000,60000.0,
export,Togo,2000,16980000.0,
export,Trinidad & Tobago,2000,180000.0,
export,Uganda,2000,150780000.0,
export,Venezuela,2000,2280000.0,
export,Viet Nam,2000,697080000.0,
export,Yemen,2000,3480000.0,
export,Zambia,2000,3900000.0,
export,Zimbabwe,2000,7020000.0,
export,Angola,2001,840000.0,
export,Bolivia (Plurinational State of),2001,4200000.0,
export,Brazil,2001,1390320000.0,
export,Burundi,2001,18180000.0,
export,Cameroon,2001,67500000.0,
export,Central African Republic,2001,5640000.0,
export,Colombia,2001,596640000.0,
export,Congo,2001,0.0,
export,Costa Rica,2001,121080000.0,
export,Côte d'Ivoire,2001,245700000.0,
export,Cuba,2001,6540000.0,
export,Democratic Republic of Congo,2001,7980000.0,
export,Dominican Republic,2001,5820000.0,
export,Ecuador,2001,45360000.0,
export,El Salvador,2001,91980000.0,
export,Equatorial Guinea,2001,0.0,
export,Ethiopia,2001,82560000.0,
export,Gabon,2001,120000.0,
export,Ghana,2001,3420000.0,
export,Guatemala,2001,246600000.0,
export,Guinea,2001,21360000.0,
export,Guyana,2001,60000.0,
export,Haiti,2001,5220000.0,
export,Honduras,2001,143520000.0,
export,India,2001,223800000.0,
export,Indonesia,2001,314580000.0,
export,Jamaica,2001,1680000.0,
export,Kenya,2001,65760000.0,
export,Lao People's Democratic Republic,2001,11880000.0,
export,Liberia,2001,420000.0,
export,Madagascar,2001,5220000.0,
export,Malawi,2001,3840000.0,
export,Mexico,2001,199980000.0,
export,Nepal,2001,,
export,Nicaragua,2001,81900000.0,
export,Nigeria,2001,420000.0,
export,Panama,2001,3420000.0,
export,Papua New Guinea,2001,65700000.0,
export,Paraguay,2001,60000.0,
export,Peru,2001,159780000.0,
export,Philippines,2001,180000.0,
export,Rwanda,2001,16740000.0,
export,Sierra Leone,2001,2160000.0,
export,Sri Lanka,2001,240000.0,
export,Tanzania,2001,51960000.0,
export,Thailand,2001,68880000.0,
export,Timor-Leste,2001,1920000.0,
export,Togo,2001,11580000.0,
export,Trinidad & Tobago,2001,180000.0,
export,Uganda,2001,183600000.0,
export,Venezuela,2001,1560000.0,
export,Viet Nam,2001,846360000.0,
export,Yemen,2001,3960000.0,
export,Zambia,2001,6900000.0,
export,Zimbabwe,2001,6300000.0,
export,Angola,2002,540000.0,
export,Bolivia (Plurinational State of),2002,4740000.0,
export,Brazil,2002,1678920000.0,
export,Burundi,2002,17340000.0,
export,Cameroon,2002,38400000.0,
export,Central African Republic,2002,5700000.0,
export,Colombia,2002,616380000.0,
export,Congo,2002,0.0,
export,Costa Rica,2002,107040000.0,
export,Côte d'Ivoire,2002,195180000.0,
export,Cuba,2002,3420000.0,
export,Democratic Republic of Congo,2002,10740000.0,
export,Dominican Republic,2002,7020000.0,
export,Ecuador,2002,33900000.0,
export,El Salvador,2002,91980000.0,
export,Equatorial Guinea,2002,0.0,
export,Ethiopia,2002,123300000.0,
export,Gabon,2002,0.0,
export,Ghana,2002,1500000.0,
export,Guatemala,2002,209460000.0,
export,Guinea,2002,8160000.0,
export,Guyana,2002,60000.0,
export,Haiti,2002,2460000.0,
export,Honduras,2002,162660000.0,
export,India,2002,213000000.0,
export,Indonesia,2002,257160000.0,
export,Jamaica,2002,1560000.0,
export,Kenya,2002,44160000.0,
export,Lao People's Democratic Republic,2002,16680000.0,
export,Liberia,2002,360000.0,
export,Madagascar,2002,8700000.0,
export,Malawi,2002,2640000.0,
export,Mexico,2002,158700000.0,
export,Nepal,2002,,
export,Nicaragua,2002,57300000.0,
export,Nigeria,2002,300000.0,
export,Panama,2002,4980000.0,
export,Papua New Guinea,2002,63420000.0,
export,Paraguay,2002,1260000.0,
export,Peru,2002,167340000.0,
export,Philippines,2002,420000.0,
export,Rwanda,2002,19800000.0,
export,Sierra Leone,2002,4800000.0,
export,Sri Lanka,2002,180000.0,
export,Tanzania,2002,29760000.0,
export,Thailand,2002,15180000.0,
export,Timor-Leste,2002,1800000.0,
export,Togo,2002,6000000.0,
export,Trinidad & Tobago,2002,120000.0,
export,Uganda,2002,201480000.0,
export,Venezuela,2002,11520000.0,
export,Viet Nam,2002,706260000.0,
export,Yemen,2002,3660000.0,
export,Zambia,2002,5940000.0,
export,Zimbabwe,2002,7140000.0,
export,Angola,2003,1020000.0,
export,Bolivia (Plurinational State of),2003,4380000.0,
export,Brazil,2003,1542660000.0,
export,Burundi,2003,28560000.0,
export,Cameroon,2003,48840000.0,
export,Central African Republic,2003,2400000.0,
export,Colombia,2003,614640000.0,
export,Congo,2003,0.0,
export,Costa Rica,2003,102120000.0,
export,Côte d'Ivoire,2003,158820000.0,
export,Cuba,2003,3000000.0,
export,Democratic Republic of Congo,2003,12720000.0,
export,Dominican Republic,2003,9060000.0,
export,Ecuador,2003,37260000.0,
export,El Salvador,2003,78240000.0,
export,Equatorial Guinea,2003,0.0,
export,Ethiopia,2003,133740000.0,
export,Gabon,2003,60000.0,
export,Ghana,2003,1500000.0,
export,Guatemala,2003,229260000.0,
export,Guinea,2003,21300000.0,
export,Guyana,2003,60000.0,
export,Haiti,2003,2220000.0,
export,Honduras,2003,145500000.0,
export,India,2003,222420000.0,
export,Indonesia,2003,287700000.0,
export,Jamaica,2003,1500000.0,
export,Kenya,2003,55200000.0,
export,Lao People's Democratic Republic,2003,13980000.0,
export,Liberia,2003,420000.0,
export,Madagascar,2003,7140000.0,
export,Malawi,2003,2940000.0,
export,Mexico,2003,155760000.0,
export,Nepal,2003,120000.0,
export,Nicaragua,2003,60780000.0,
export,Nigeria,2003,540000.0,
export,Panama,2003,5160000.0,
export,Papua New Guinea,2003,68820000.0,
export,Paraguay,2003,1860000.0,
export,Peru,2003,150180000.0,
export,Philippines,2003,720000.0,
export,Rwanda,2003,14700000.0,
export,Sierra Leone,2003,2040000.0,
export,Sri Lanka,2003,360000.0,
export,Tanzania,2003,52980000.0,
export,Thailand,2003,10860000.0,
export,Timor-Leste,2003,2760000.0,
export,Togo,2003,4320000.0,
export,Trinidad & Tobago,2003,120000.0,
export,Uganda,2003,151320000.0,
export,Venezuela,2003,15600000.0,
export,Viet Nam,2003,697860000.0,
export,Yemen,2003,3300000.0,
export,Zambia,2003,7800000.0,
export,Zimbabwe,2003,5820000.0,
export,Angola,2004,360000.0,
export,Bolivia (Plurinational State of),2004,5580000.0,
export,Brazil,2004,1588680000.0,
export,Burundi,2004,20340000.0,
export,Cameroon,2004,44040000.0,
export,Central African Republic,2004,3840000.0,
export,Colombia,2004,611640000.0,
export,Congo,2004,0.0,
export,Costa Rica,2004,85440000.0,
export,Côte d'Ivoire,2004,154380000.0,
export,Cuba,2004,1500000.0,
export,Democratic Republic of Congo,2004,15180000.0,
export,Dominican Republic,2004,2760000.0,
export,Ecuador,2004,42240000.0,
export,El Salvador,2004,79680000.0,
export,Equatorial Guinea,2004,0.0,
export,Ethiopia,2004,149460000.0,
export,Gabon,2004,0.0,
export,Ghana,2004,1320000.0,
export,Guatemala,2004,198600000.0,
export,Guinea,2004,17760000.0,
export,Guyana,2004,60000.0,
export,Haiti,2004,1920000.0,
export,Honduras,2004,166740000.0,
export,India,2004,218820000.0,
export,Indonesia,2004,327360000.0,
export,Jamaica,2004,1740000.0,
export,Kenya,2004,45240000.0,
export,Lao People's Democratic Republic,2004,16020000.0,
export,Liberia,2004,0.0,
export,Madagascar,2004,7620000.0,
export,Malawi,2004,1560000.0,
export,Mexico,2004,141720000.0,
export,Nepal,2004,60000.0,
export,Nicaragua,2004,78660000.0,
export,Nigeria,2004,360000.0,
export,Panama,2004,5940000.0,
export,Papua New Guinea,2004,62880000.0,
export,Paraguay,2004,1020000.0,
export,Peru,2004,191040000.0,
export,Philippines,2004,1740000.0,
export,Rwanda,2004,27000000.0,
export,Sierra Leone,2004,1380000.0,
export,Sri Lanka,2004,420000.0,
export,Tanzania,2004,33180000.0,
export,Thailand,2004,25200000.0,
export,Timor-Leste,2004,1320000.0,
export,Togo,2004,8940000.0,
export,Trinidad & Tobago,2004,120000.0,
export,Uganda,2004,157620000.0,
export,Venezuela,2004,10200000.0,
export,Viet Nam,2004,891540000.0,
export,Yemen,2004,2700000.0,
export,Zambia,2004,6240000.0,
export,Zimbabwe,2004,6780000.0,
export,Angola,2005,300000.0,
export,Bolivia (Plurinational State of),2005,5040000.0,
export,Brazil,2005,1571880000.0,
export,Burundi,2005,22260000.0,
export,Cameroon,2005,42240000.0,
export,Central African Republic,2005,2820000.0,
export,Colombia,2005,652260000.0,
export,Congo,2005,0.0,
export,Costa Rica,2005,88800000.0,
export,Côte d'Ivoire,2005,105240000.0,
export,Cuba,2005,1440000.0,
export,Democratic Republic of Congo,2005,9480000.0,
export,Dominican Republic,2005,2520000.0,
export,Ecuador,2005,59580000.0,
export,El Salvador,2005,76800000.0,
export,Equatorial Guinea,2005,0.0,
export,Ethiopia,2005,146100000.0,
export,Gabon,2005,0.0,
export,Ghana,2005,1080000.0,
export,Guatemala,2005,207960000.0,
export,Guinea,2005,16740000.0,
export,Guyana,2005,60000.0,
export,Haiti,2005,1500000.0,
export,Honduras,2005,143520000.0,
export,India,2005,169740000.0,
export,Indonesia,2005,404640000.0,
export,Jamaica,2005,900000.0,
export,Kenya,2005,40380000.0,
export,Lao People's Democratic Republic,2005,14220000.0,
export,Liberia,2005,60000.0,
export,Madagascar,2005,5760000.0,
export,Malawi,2005,1260000.0,
export,Mexico,2005,119100000.0,
export,Nepal,2005,60000.0,
export,Nicaragua,2005,60180000.0,
export,Nigeria,2005,480000.0,
export,Panama,2005,5400000.0,
export,Papua New Guinea,2005,72000000.0,
export,Paraguay,2005,1440000.0,
export,Peru,2005,142140000.0,
export,Philippines,2005,2040000.0,
export,Rwanda,2005,14160000.0,
export,Sierra Leone,2005,1200000.0,
export,Sri Lanka,2005,180000.0,
export,Tanzania,2005,42720000.0,
export,Thailand,2005,22500000.0,
export,Timor-Leste,2005,1080000.0,
export,Togo,2005,9840000.0,
export,Trinidad & Tobago,2005,60000.0,
export,Uganda,2005,142140000.0,
export,Venezuela,2005,1320000.0,
export,Viet Nam,2005,805920000.0,
export,Yemen,2005,4680000.0,
export,Zambia,2005,6360000.0,
export,Zimbabwe,2005,4260000.0,
export,Angola,2006,300000.0,
export,Bolivia (Plurinational State of),2006,5580000.0,
export,Brazil,2006,1642140000.0,
export,Burundi,2006,16860000.0,
export,Cameroon,2006,44340000.0,
export,Central African Republic,2006,1020000.0,
export,Colombia,2006,656700000.0,
export,Congo,2006,0.0,
export,Costa Rica,2006,78600000.0,
export,Côte d'Ivoire,2006,105060000.0,
export,Cuba,2006,960000.0,
export,Democratic Republic of Congo,2006,8280000.0,
export,Dominican Republic,2006,7500000.0,
export,Ecuador,2006,60900000.0,
export,El Salvador,2006,77580000.0,
export,Equatorial Guinea,2006,0.0,
export,Ethiopia,2006,176160000.0,
export,Gabon,2006,60000.0,
export,Ghana,2006,540000.0,
export,Guatemala,2006,198720000.0,
export,Guinea,2006,31140000.0,
export,Guyana,2006,120000.0,
export,Haiti,2006,1440000.0,
export,Honduras,2006,173880000.0,
export,India,2006,214680000.0,
export,Indonesia,2006,316800000.0,
export,Jamaica,2006,1500000.0,
export,Kenya,2006,35820000.0,
export,Lao People's Democratic Republic,2006,7200000.0,
export,Liberia,2006,0.0,
export,Madagascar,2006,10740000.0,
export,Malawi,2006,1020000.0,
export,Mexico,2006,154200000.0,
export,Nepal,2006,60000.0,
export,Nicaragua,2006,86700000.0,
export,Nigeria,2006,1680000.0,
export,Panama,2006,6420000.0,
export,Papua New Guinea,2006,50940000.0,
export,Paraguay,2006,1500000.0,
export,Peru,2006,232860000.0,
export,Philippines,2006,2280000.0,
export,Rwanda,2006,23340000.0,
export,Sierra Leone,2006,3060000.0,
export,Sri Lanka,2006,420000.0,
export,Tanzania,2006,43920000.0,
export,Thailand,2006,32400000.0,
export,Timor-Leste,2006,2940000.0,
export,Togo,2006,7080000.0,
export,Trinidad & Tobago,2006,60000.0,
export,Uganda,2006,130380000.0,
export,Venezuela,2006,3900000.0,
export,Viet Nam,2006,834300000.0,
export,Yemen,2006,3660000.0,
export,Zambia,2006,4680000.0,
export,Zimbabwe,2006,3240000.0,
export,Angola,2007,240000.0,
export,Bolivia (Plurinational State of),2007,5040000.0,
export,Brazil,2007,1691040000.0,
export,Burundi,2007,21360000.0,
export,Cameroon,2007,43260000.0,
export,Central African Republic,2007,7320000.0,
export,Colombia,2007,678000000.0,
export,Congo,2007,0.0,
export,Costa Rica,2007,81840000.0,
export,Côte d'Ivoire,2007,131760000.0,
export,Cuba,2007,960000.0,
export,Democratic Republic of Congo,2007,12000000.0,
export,Dominican Republic,2007,4680000.0,
export,Ecuador,2007,59460000.0,
export,El Salvador,2007,72600000.0,
export,Equatorial Guinea,2007,0.0,
export,Ethiopia,2007,156240000.0,
export,Gabon,2007,0.0,
export,Ghana,2007,1320000.0,
export,Guatemala,2007,223560000.0,
export,Guinea,2007,26160000.0,
export,Guyana,2007,120000.0,
export,Haiti,2007,1260000.0,
export,Honduras,2007,198720000.0,
export,India,2007,199140000.0,
export,Indonesia,2007,248940000.0,
export,Jamaica,2007,1380000.0,
export,Kenya,2007,49020000.0,
export,Lao People's Democratic Republic,2007,15120000.0,
export,Liberia,2007,120000.0,
export,Madagascar,2007,5940000.0,
export,Malawi,2007,1140000.0,
export,Mexico,2007,174720000.0,
export,Nepal,2007,120000.0,
export,Nicaragua,2007,75540000.0,
export,Nigeria,2007,540000.0,
export,Panama,2007,6540000.0,
export,Papua New Guinea,2007,54540000.0,
export,Paraguay,2007,1860000.0,
export,Peru,2007,172740000.0,
export,Philippines,2007,1920000.0,
export,Rwanda,2007,15360000.0,
export,Sierra Leone,2007,3060000.0,
export,Sri Lanka,2007,240000.0,
export,Tanzania,2007,48420000.0,
export,Thailand,2007,21900000.0,
export,Timor-Leste,2007,1860000.0,
export,Togo,2007,9300000.0,
export,Trinidad & Tobago,2007,60000.0,
export,Uganda,2007,161580000.0,
export,Venezuela,2007,4200000.0,
export,Viet Nam,2007,1076160000.0,
export,Yemen,2007,4320000.0,
export,Zambia,2007,3240000.0,
export,Zimbabwe,2007,1920000.0,
export,Angola,2008,360000.0,
export,Bolivia (Plurinational State of),2008,4080000.0,
export,Brazil,2008,1770600000.0,
export,Burundi,2008,15060000.0,
export,Cameroon,2008,31620000.0,
export,Central African Republic,2008,1980000.0,
export,Colombia,2008,665100000.0,
export,Congo,2008,0.0,
export,Costa Rica,2008,86400000.0,
export,Côte d'Ivoire,2008,89400000.0,
export,Cuba,2008,240000.0,
export,Democratic Republic of Congo,2008,12180000.0,
export,Dominican Republic,2008,4920000.0,
export,Ecuador,2008,52080000.0,
export,El Salvador,2008,86280000.0,
export,Equatorial Guinea,2008,0.0,
export,Ethiopia,2008,171120000.0,
export,Gabon,2008,0.0,
export,Ghana,2008,2160000.0,
export,Guatemala,2008,226680000.0,
export,Guinea,2008,12480000.0,
export,Guyana,2008,120000.0,
export,Haiti,2008,1020000.0,
export,Honduras,2008,195540000.0,
export,India,2008,202620000.0,
export,Indonesia,2008,344460000.0,
export,Jamaica,2008,1260000.0,
export,Kenya,2008,36480000.0,
export,Lao People's Democratic Republic,2008,15480000.0,
export,Liberia,2008,120000.0,
export,Madagascar,2008,11760000.0,
export,Malawi,2008,1260000.0,
export,Mexico,2008,146880000.0,
export,Nepal,2008,60000.0,
export,Nicaragua,2008,97500000.0,
export,Nigeria,2008,120000.0,
export,Panama,2008,6840000.0,
export,Papua New Guinea,2008,65760000.0,
export,Paraguay,2008,60000.0,
export,Peru,2008,223980000.0,
export,Philippines,2008,240000.0,
export,Rwanda,2008,19560000.0,
export,Sierra Leone,2008,1560000.0,
export,Sri Lanka,2008,120000.0,
export,Tanzania,2008,49080000.0,
export,Thailand,2008,10500000.0,
export,Timor-Leste,2008,3000000.0,
export,Togo,2008,7260000.0,
export,Trinidad & Tobago,2008,60000.0,
export,Uganda,2008,198660000.0,
export,Venezuela,2008,7500000.0,
export,Viet Nam,2008,966060000.0,
export,Yemen,2008,4020000.0,
export,Zambia,2008,2880000.0,
export,Zimbabwe,2008,1380000.0,
export,Angola,2009,420000.0,
export,Bolivia (Plurinational State of),2009,4980000.0,
export,Brazil,2009,1822680000.0,
export,Burundi,2009,17340000.0,
export,Cameroon,2009,37080000.0,
export,Central African Republic,2009,3720000.0,
export,Colombia,2009,473640000.0,
export,Congo,2009,0.0,
export,Costa Rica,2009,74160000.0,
export,Côte d'Ivoire,2009,108420000.0,
export,Cuba,2009,420000.0,
export,Democratic Republic of Congo,2009,9660000.0,
export,Dominican Republic,2009,6120000.0,
export,Ecuador,2009,65160000.0,
export,El Salvador,2009,78540000.0,
export,Equatorial Guinea,2009,0.0,
export,Ethiopia,2009,111060000.0,
export,Gabon,2009,60000.0,
export,Ghana,2009,1440000.0,
export,Guatemala,2009,209580000.0,
export,Guinea,2009,26340000.0,
export,Guyana,2009,60000.0,
export,Haiti,2009,960000.0,
export,Honduras,2009,185040000.0,
export,India,2009,180420000.0,
export,Indonesia,2009,474420000.0,
export,Jamaica,2009,1500000.0,
export,Kenya,2009,31500000.0,
export,Lao People's Democratic Republic,2009,15840000.0,
export,Liberia,2009,540000.0,
export,Madagascar,2009,2400000.0,
export,Malawi,2009,1080000.0,
export,Mexico,2009,170280000.0,
export,Nepal,2009,120000.0,
export,Nicaragua,2009,82440000.0,
export,Nigeria,2009,60000.0,
export,Panama,2009,3540000.0,
export,Papua New Guinea,2009,61620000.0,
export,Paraguay,2009,0.0,
export,Peru,2009,184440000.0,
export,Philippines,2009,420000.0,
export,Rwanda,2009,18240000.0,
export,Sierra Leone,2009,6240000.0,
export,Sri Lanka,2009,60000.0,
export,Tanzania,2009,69420000.0,
export,Thailand,2009,11100000.0,
export,Timor-Leste,2009,2580000.0,
export,Togo,2009,9120000.0,
export,Trinidad & Tobago,2009,0.0,
export,Uganda,2009,180840000.0,
export,Venezuela,2009,1080000.0,
export,Viet Nam,2009,1023120000.0,
export,Yemen,2009,2340000.0,
export,Zambia,2009,1980000.0,
export,Zimbabwe,2009,1080000.0,
export,Angola,2010,240000.0,
export,Bolivia (Plurinational State of),2010,4680000.0,
export,Brazil,2010,1990020000.0,
export,Burundi,2010,18420000.0,
export,Cameroon,2010,47640000.0,
export,Central African Republic,2010,5700000.0,
export,Colombia,2010,469320000.0,
export,Congo,2010,0.0,
export,Costa Rica,2010,72000000.0,
export,Côte d'Ivoire,2010,114720000.0,
export,Cuba,2010,300000.0,
export,Democratic Republic of Congo,2010,9720000.0,
export,Dominican Republic,2010,2460000.0,
export,Ecuador,2010,72120000.0,
export,El Salvador,2010,64920000.0,
export,Equatorial Guinea,2010,0.0,
export,Ethiopia,2010,199440000.0,
export,Gabon,2010,60000.0,
export,Ghana,2010,420000.0,
export,Guatemala,2010,208080000.0,
export,Guinea,2010,24360000.0,
export,Guyana,2010,60000.0,
export,Haiti,2010,540000.0,
export,Honduras,2010,200940000.0,
export,India,2010,278820000.0,
export,Indonesia,2010,329340000.0,
export,Jamaica,2010,900000.0,
export,Kenya,2010,31860000.0,
export,Lao People's Democratic Republic,2010,17280000.0,
export,Liberia,2010,420000.0,
export,Madagascar,2010,4440000.0,
export,Malawi,2010,480000.0,
export,Mexico,2010,149880000.0,
export,Nepal,2010,60000.0,
export,Nicaragua,2010,102720000.0,
export,Nigeria,2010,180000.0,
export,Panama,2010,3900000.0,
export,Papua New Guinea,2010,55740000.0,
export,Paraguay,2010,0.0,
export,Peru,2010,229020000.0,
export,Philippines,2010,360000.0,
export,Rwanda,2010,17760000.0,
export,Sierra Leone,2010,3480000.0,
export,Sri Lanka,2010,120000.0,
export,Tanzania,2010,33360000.0,
export,Thailand,2010,22200000.0,
export,Timor-Leste,2010,4080000.0,
export,Togo,2010,11880000.0,
export,Trinidad & Tobago,2010,60000.0,
export,Uganda,2010,159420000.0,
export,Venezuela,2010,1140000.0,
export,Viet Nam,2010,853740000.0,
export,Yemen,2010,2640000.0,
export,Zambia,2010,1080000.0,
export,Zimbabwe,2010,420000.0,
export,Angola,2011,480000.0,
export,Bolivia (Plurinational State of),2011,4440000.0,
export,Brazil,2011,2028360000.0,
export,Burundi,2011,13080000.0,
export,Cameroon,2011,29400000.0,
export,Central African Republic,2011,4680000.0,
export,Colombia,2011,464040000.0,
export,Congo,2011,0.0,
export,Costa Rica,2011,74580000.0,
export,Côte d'Ivoire,2011,46320000.0,
export,Cuba,2011,600000.0,
export,Democratic Republic of Congo,2011,7920000.0,
export,Dominican Republic,2011,5340000.0,
export,Ecuador,2011,91920000.0,
export,El Salvador,2011,109560000.0,
export,Equatorial Guinea,2011,0.0,
export,Ethiopia,2011,160500000.0,
export,Gabon,2011,60000.0,
export,Ghana,2011,4320000.0,
export,Guatemala,2011,221820000.0,
export,Guinea,2011,23100000.0,
export,Guyana,2011,60000.0,
export,Haiti,2011,540000.0,
export,Honduras,2011,236820000.0,
export,India,2011,324840000.0,
export,Indonesia,2011,235200000.0,
export,Jamaica,2011,960000.0,
export,Kenya,2011,36540000.0,
export,Lao People's Democratic Republic,2011,25260000.0,
export,Liberia,2011,480000.0,
export,Madagascar,2011,8640000.0,
export,Malawi,2011,1560000.0,
export,Mexico,2011,174420000.0,
export,Nepal,2011,240000.0,
export,Nicaragua,2011,88080000.0,
export,Nigeria,2011,420000.0,
export,Panama,2011,3180000.0,
export,Papua New Guinea,2011,73500000.0,
export,Paraguay,2011,0.0,
export,Peru,2011,281820000.0,
export,Philippines,2011,600000.0,
export,Rwanda,2011,16620000.0,
export,Sierra Leone,2011,2220000.0,
export,Sri Lanka,2011,120000.0,
export,Tanzania,2011,47880000.0,
export,Thailand,2011,14580000.0,
export,Timor-Leste,2011,2340000.0,
export,Togo,2011,9300000.0,
export,Trinidad & Tobago,2011,0.0,
export,Uganda,2011,188520000.0,
export,Venezuela,2011,0.0,
export,Viet Nam,2011,1063020000.0,
export,Yemen,2011,2100000.0,
export,Zambia,2011,540000.0,
export,Zimbabwe,2011,300000.0,
export,Angola,2012,480000.0,
export,Bolivia (Plurinational State of),2012,3780000.0,
export,Brazil,2012,1712940000.0,
export,Burundi,2012,23520000.0,
export,Cameroon,2012,37320000.0,
export,Central African Republic,2012,4680000.0,
export,Colombia,2012,430200000.0,
export,Congo,2012,0.0,
export,Costa Rica,2012,82440000.0,
export,Côte d'Ivoire,2012,102720000.0,
export,Cuba,2012,900000.0,
export,Democratic Republic of Congo,2012,8760000.0,
export,Dominican Republic,2012,8220000.0,
export,Ecuador,2012,94800000.0,
export,El Salvador,2012,62640000.0,
export,Equatorial Guinea,2012,0.0,
export,Ethiopia,2012,192180000.0,
export,Gabon,2012,0.0,
export,Ghana,2012,1800000.0,
export,Guatemala,2012,225000000.0,
export,Guinea,2012,22620000.0,
export,Guyana,2012,120000.0,
export,Haiti,2012,660000.0,
export,Honduras,2012,330480000.0,
export,India,2012,302640000.0,
export,Indonesia,2012,492360000.0,
export,Jamaica,2012,900000.0,
export,Kenya,2012,48180000.0,
export,Lao People's Democratic Republic,2012,21600000.0,
export,Liberia,2012,180000.0,
export,Madagascar,2012,4740000.0,
export,Malawi,2012,1200000.0,
export,Mexico,2012,213360000.0,
export,Nepal,2012,60000.0,
export,Nicaragua,2012,119220000.0,
export,Nigeria,2012,120000.0,
export,Panama,2012,3060000.0,
export,Papua New Guinea,2012,55500000.0,
export,Paraguay,2012,0.0,
export,Peru,2012,258600000.0,
export,Philippines,2012,180000.0,
export,Rwanda,2012,15060000.0,
export,Sierra Leone,2012,3900000.0,
export,Sri Lanka,2012,0.0,
export,Tanzania,2012,45360000.0,
export,Thailand,2012,21000000.0,
export,Timor-Leste,2012,3360000.0,
export,Togo,2012,8820000.0,
export,Trinidad & Tobago,2012,60000.0,
export,Uganda,2012,161100000.0,
export,Venezuela,2012,120000.0,
export,Viet Nam,2012,1375200000.0,
export,Yemen,2012,3780000.0,
export,Zambia,2012,420000.0,
export,Zimbabwe,2012,240000.0,
export,Angola,2013,360000.0,
export,Bolivia (Plurinational State of),2013,3300000.0,
export,Brazil,2013,1899060000.0,
export,Burundi,2013,11700000.0,
export,Cameroon,2013,16320000.0,
export,Central African Republic,2013,60000.0,
export,Colombia,2013,580200000.0,
export,Congo,2013,0.0,
export,Costa Rica,2013,80640000.0,
export,Côte d'Ivoire,2013,117720000.0,
export,Cuba,2013,720000.0,
export,Democratic Republic of Congo,2013,8400000.0,
export,Dominican Republic,2013,3900000.0,
export,Ecuador,2013,75720000.0,
export,El Salvador,2013,66180000.0,
export,Equatorial Guinea,2013,0.0,
export,Ethiopia,2013,172200000.0,
export,Gabon,2013,0.0,
export,Ghana,2013,1380000.0,
export,Guatemala,2013,214500000.0,
export,Guinea,2013,8040000.0,
export,Guyana,2013,60000.0,
export,Haiti,2013,480000.0,
export,Honduras,2013,251100000.0,
export,India,2013,301980000.0,
export,Indonesia,2013,555300000.0,
export,Jamaica,2013,900000.0,
export,Kenya,2013,48900000.0,
export,Lao People's Democratic Republic,2013,24000000.0,
export,Liberia,2013,240000.0,
export,Madagascar,2013,9960000.0,
export,Malawi,2013,1740000.0,
export,Mexico,2013,187920000.0,
export,Nepal,2013,60000.0,
export,Nicaragua,2013,99660000.0,
export,Nigeria,2013,60000.0,
export,Panama,2013,2940000.0,
export,Papua New Guinea,2013,48660000.0,
export,Paraguay,2013,0.0,
export,Peru,2013,224160000.0,
export,Philippines,2013,360000.0,
export,Rwanda,2013,15240000.0,
export,Sierra Leone,2013,3420000.0,
export,Sri Lanka,2013,0.0,
export,Tanzania,2013,56100000.0,
export,Thailand,2013,2940000.0,
export,Timor-Leste,2013,4200000.0,
export,Togo,2013,5460000.0,
export,Trinidad & Tobago,2013,120000.0,
export,Uganda,2013,220320000.0,
export,Venezuela,2013,360000.0,
export,Viet Nam,2013,1183080000.0,
export,Yemen,2013,3300000.0,
export,Zambia,2013,600000.0,
export,Zimbabwe,2013,120000.0,
export,Angola,2014,540000.0,
export,Bolivia (Plurinational State of),2014,3720000.0,
export,Brazil,2014,,
export,Burundi,2014,15120000.0,
export,Cameroon,2014,22500000.0,
export,Central African Republic,2014,4500000.0,
export,Colombia,2014,657240000.0,
export,Congo,2014,0.0,
export,Costa Rica,2014,72540000.0,
export,Côte d'Ivoire,2014,89340000.0,
export,Cuba,2014,780000.0,
export,Democratic Republic of Congo,2014,9060000.0,
export,Dominican Republic,2014,2700000.0,
export,Ecuador,2014,67740000.0,
export,El Salvador,2014,27720000.0,
export,Equatorial Guinea,2014,0.0,
export,Ethiopia,2014,187020000.0,
export,Gabon,2014,0.0,
export,Ghana,2014,1560000.0,
export,Guatemala,2014,182580000.0,
export,Guinea,2014,1440000.0,
export,Guyana,2014,780000.0,
export,Haiti,2014,180000.0,
export,Honduras,2014,255120000.0,
export,India,2014,307860000.0,
export,Indonesia,2014,370500000.0,
export,Jamaica,2014,600000.0,
export,Kenya,2014,47940000.0,
export,Lao People's Democratic Republic,2014,22200000.0,
export,Liberia,2014,60000.0,
export,Madagascar,2014,8280000.0,
export,Malawi,2014,1560000.0,
export,Mexico,2014,148800000.0,
export,Nepal,2014,60000.0,
export,Nicaragua,2014,114060000.0,
export,Nigeria,2014,60000.0,
export,Panama,2014,3060000.0,
export,Papua New Guinea,2014,48420000.0,
export,Paraguay,2014,0.0,
export,Peru,2014,163200000.0,
export,Philippines,2014,720000.0,
export,Rwanda,2014,15360000.0,
export,Sierra Leone,2014,1440000.0,
export,Sri Lanka,2014,120000.0,
export,Tanzania,2014,43080000.0,
export,Thailand,2014,1620000.0,
export,Timor-Leste,2014,6660000.0,
export,Togo,2014,8040000.0,
export,Trinidad & Tobago,2014,120000.0,
export,Uganda,2014,206520000.0,
export,Venezuela,2014,0.0,
export,Viet Nam,2014,1565820000.0,
export,Yemen,2014,3420000.0,
export,Zambia,2014,300000.0,
export,Zimbabwe,2014,660000.0,
export,Angola,2015,660000.0,
export,Bolivia (Plurinational State of),2015,1800000.0,
export,Brazil,2015,,
export,Burundi,2015,13800000.0,
export,Cameroon,2015,23400000.0,
export,Central African Republic,2015,2580000.0,
export,Colombia,2015,762960000.0,
export,Congo,2015,0.0,
export,Costa Rica,2015,67680000.0,
export,Côte d'Ivoire,2015,85080000.0,
export,Cuba,2015,780000.0,
export,Democratic Republic of Congo,2015,7680000.0,
export,Dominican Republic,2015,1140000.0,
export,Ecuador,2015,52140000.0,
export,El Salvador,2015,34560000.0,
export,Equatorial Guinea,2015,0.0,
export,Ethiopia,2015,179100000.0,
export,Gabon,2015,0.0,
export,Ghana,2015,2400000.0,
export,Guatemala,2015,177660000.0,
export,Guinea,2015,9120000.0,
export,Guyana,2015,120000.0,
export,Haiti,2015,180000.0,
export,Honduras,2015,301800000.0,
export,India,2015,315720000.0,
export,Indonesia,2015,502740000.0,
export,Jamaica,2015,720000.0,
export,Kenya,2015,42720000.0,
export,Lao People's Democratic Republic,2015,24180000.0,
export,Liberia,2015,240000.0,
export,Madagascar,2015,3540000.0,
export,Malawi,2015,1080000.0,
export,Mexico,2015,147480000.0,
export,Nepal,2015,120000.0,
export,Nicaragua,2015,105180000.0,
export,Nigeria,2015,180000.0,
export,Panama,2015,3000000.0,
export,Papua New Guinea,2015,42660000.0,
export,Paraguay,2015,0.0,
export,Peru,2015,167400000.0,
export,Philippines,2015,900000.0,
export,Rwanda,2015,15780000.0,
export,Sierra Leone,2015,3240000.0,
export,Sri Lanka,2015,0.0,
export,Tanzania,2015,42540000.0,
export,Thailand,2015,34680000.0,
export,Timor-Leste,2015,4080000.0,
export,Togo,2015,10680000.0,
export,Trinidad & Tobago,2015,120000.0,
export,Uganda,2015,215760000.0,
export,Venezuela,2015,60000.0,
export,Viet Nam,2015,1316640000.0,
export,Yemen,2015,3120000.0,
export,Zambia,2015,180000.0,
export,Zimbabwe,2015,660000.0,
export,Angola,2016,660000.0,
export,Bolivia (Plurinational State of),2016,1320000.0,
export,Brazil,2016,2056140000.0,
export,Burundi,2016,12240000.0,
export,Cameroon,2016,16860000.0,
export,Central African Republic,2016,4800000.0,
export,Colombia,2016,769860000.0,
export,Congo,2016,0.0,
export,Costa Rica,2016,60420000.0,
export,Côte d'Ivoire,2016,85920000.0,
export,Cuba,2016,900000.0,
export,Democratic Republic of Congo,2016,10260000.0,
export,Dominican Republic,2016,1140000.0,
export,Ecuador,2016,55380000.0,
export,El Salvador,2016,29760000.0,
export,Equatorial Guinea,2016,0.0,
export,Ethiopia,2016,180060000.0,
export,Gabon,2016,0.0,
export,Ghana,2016,1620000.0,
export,Guatemala,2016,179460000.0,
export,Guinea,2016,15000000.0,
export,Guyana,2016,120000.0,
export,Haiti,2016,60000.0,
export,Honduras,2016,318360000.0,
export,India,2016,365160000.0,
export,Indonesia,2016,392700000.0,
export,Jamaica,2016,660000.0,
export,Kenya,2016,43620000.0,
export,Lao People's Democratic Republic,2016,23160000.0,
export,Liberia,2016,180000.0,
export,Madagascar,2016,4560000.0,
export,Malawi,2016,1320000.0,
export,Mexico,2016,133980000.0,
export,Nepal,2016,120000.0,
export,Nicaragua,2016,117780000.0,
export,Nigeria,2016,60000.0,
export,Panama,2016,3360000.0,
export,Papua New Guinea,2016,67980000.0,
export,Paraguay,2016,0.0,
export,Peru,2016,237600000.0,
export,Philippines,2016,780000.0,
export,Rwanda,2016,14640000.0,
export,Sierra Leone,2016,1560000.0,
export,Sri Lanka,2016,60000.0,
export,Tanzania,2016,54300000.0,
export,Thailand,2016,7860000.0,
export,Timor-Leste,2016,4080000.0,
export,Togo,2016,4500000.0,
export,Trinidad & Tobago,2016,120000.0,
export,Uganda,2016,212580000.0,
export,Venezuela,2016,0.0,
export,Viet Nam,2016,1783260000.0,
export,Yemen,2016,2280000.0,
export,Zambia,2016,600000.0,
export,Zimbabwe,2016,720000.0,
export,Angola,2017,540000.0,
export,Bolivia (Plurinational State of),2017,1560000.0,
export,Brazil,2017,1855500000.0,
export,Burundi,2017,10140000.0,
export,Cameroon,2017,14700000.0,
export,Central African Republic,2017,1080000.0,
export,Colombia,2017,779100000.0,
export,Congo,2017,0.0,
export,Costa Rica,2017,59220000.0,
export,Côte d'Ivoire,2017,51300000.0,
export,Cuba,2017,900000.0,
export,Democratic Republic of Congo,2017,5340000.0,
export,Dominican Republic,2017,1440000.0,
export,Ecuador,2017,41700000.0,
export,El Salvador,2017,31620000.0,
export,Equatorial Guinea,2017,0.0,
export,Ethiopia,2017,226380000.0,
export,Gabon,2017,0.0,
export,Ghana,2017,1020000.0,
export,Guatemala,2017,202980000.0,
export,Guinea,2017,12960000.0,
export,Guyana,2017,60000.0,
export,Haiti,2017,120000.0,
export,Honduras,2017,440460000.0,
export,India,2017,392520000.0,
export,Indonesia,2017,491880000.0,
export,Jamaica,2017,600000.0,
export,Kenya,2017,42600000.0,
export,Lao People's Democratic Republic,2017,23160000.0,
export,Liberia,2017,660000.0,
export,Madagascar,2017,3480000.0,
export,Malawi,2017,780000.0,
export,Mexico,2017,174660000.0,
export,Nepal,2017,60000.0,
export,Nicaragua,2017,146940000.0,
export,Nigeria,2017,180000.0,
export,Panama,2017,3000000.0,
export,Papua New Guinea,2017,47640000.0,
export,Paraguay,2017,0.0,
export,Peru,2017,236760000.0,
export,Philippines,2017,540000.0,
export,Rwanda,2017,14760000.0,
export,Sierra Leone,2017,2100000.0,
export,Sri Lanka,2017,120000.0,
export,Tanzania,2017,39840000.0,
export,Thailand,2017,8460000.0,
export,Timor-Leste,2017,5160000.0,
export,Togo,2017,1620000.0,
export,Trinidad & Tobago,2017,120000.0,
export,Uganda,2017,286440000.0,
export,Venezuela,2017,0.0,
export,Viet Nam,2017,1505520000.0,
export,Yemen,2017,2760000.0,
export,Zambia,2017,780000.0,
export,Zimbabwe,2017,120000.0,
export,Angola,2018,540000.0,
export,Bolivia (Plurinational State of),2018,1320000.0,
export,Brazil,2018,2138220000.0,
export,Burundi,2018,12120000.0,
export,Cameroon,2018,17220000.0,
export,Central African Republic,2018,2340000.0,
export,Colombia,2018,768480000.0,
export,Congo,2018,0.0,
export,Costa Rica,2018,72480000.0,
export,Côte d'Ivoire,2018,91320000.0,
export,Cuba,2018,1980000.0,
export,Democratic Republic of Congo,2018,11280000.0,
export,Dominican Republic,2018,1920000.0,
export,Ecuador,2018,28980000.0,
export,El Salvador,2018,34260000.0,
export,Equatorial Guinea,2018,0.0,
export,Ethiopia,2018,215340000.0,
export,Gabon,2018,0.0,
export,Ghana,2018,720000.0,
export,Guatemala,2018,199620000.0,
export,Guinea,2018,9420000.0,
export,Guyana,2018,60000.0,
export,Haiti,2018,120000.0,
export,Honduras,2018,428640000.0,
export,India,2018,358020000.0,
export,Indonesia,2018,272340000.0,
export,Jamaica,2018,600000.0,
export,Kenya,2018,45180000.0,
export,Lao People's Democratic Republic,2018,21660000.0,
export,Liberia,2018,480000.0,
export,Madagascar,2018,360000.0,
export,Malawi,2018,720000.0,
export,Mexico,2018,173280000.0,
export,Nepal,2018,120000.0,
export,Nicaragua,2018,138000000.0,
export,Nigeria,2018,180000.0,
export,Panama,2018,2820000.0,
export,Papua New Guinea,2018,52200000.0,
export,Paraguay,2018,0.0,
export,Peru,2018,243840000.0,
export,Philippines,2018,240000.0,
export,Rwanda,2018,21000000.0,
export,Sierra Leone,2018,1620000.0,
export,Sri Lanka,2018,120000.0,
export,Tanzania,2018,51360000.0,
export,Thailand,2018,15480000.0,
export,Timor-Leste,2018,7740000.0,
export,Togo,2018,6660000.0,
export,Trinidad & Tobago,2018,180000.0,
export,Uganda,2018,253380000.0,
export,Venezuela,2018,4320000.0,
export,Viet Nam,2018,1883100000.0,
export,Yemen,2018,2520000.0,
export,Zambia,2018,1560000.0,
export,Zimbabwe,2018,300000.0,
export,Angola,2019,1380000.0,
export,Bolivia (Plurinational State of),2019,1200000.0,
export,Brazil,2019,,
export,Burundi,2019,17580000.0,
export,Cameroon,2019,15000000.0,
export,Central African Republic,2019,1140000.0,
export,Colombia,2019,820320000.0,
export,Congo,2019,0.0,
export,Costa Rica,2019,62340000.0,
export,Côte d'Ivoire,2019,126240000.0,
export,Cuba,2019,1320000.0,
export,Democratic Republic of Congo,2019,12300000.0,
export,Dominican Republic,2019,1620000.0,
export,Ecuador,2019,30360000.0,
export,El Salvador,2019,32760000.0,
export,Equatorial Guinea,2019,0.0,
export,Ethiopia,2019,235260000.0,
export,Gabon,2019,0.0,
export,Ghana,2019,600000.0,
export,Guatemala,2019,216780000.0,
export,Guinea,2019,4140000.0,
export,Guyana,2019,60000.0,
export,Haiti,2019,120000.0,
export,Honduras,2019,405900000.0,
export,India,2019,361680000.0,
export,Indonesia,2019,380040000.0,
export,Jamaica,2019,540000.0,
export,Kenya,2019,50160000.0,
export,Lao People's Democratic Republic,2019,34500000.0,
export,Liberia,2019,60000.0,
export,Madagascar,2019,240000.0,
export,Malawi,2019,960000.0,
export,Mexico,2019,157620000.0,
export,Nepal,2019,60000.0,
export,Nicaragua,2019,177240000.0,
export,Nigeria,2019,120000.0,
export,Panama,2019,3060000.0,
export,Papua New Guinea,2019,47220000.0,
export,Paraguay,2019,0.0,
export,Peru,2019,226320000.0,
export,Philippines,2019,420000.0,
export,Rwanda,2019,23340000.0,
export,Sierra Leone,2019,2820000.0,
export,Sri Lanka,2019,60000.0,
export,Tanzania,2019,64140000.0,
export,Thailand,2019,10440000.0,
export,Timor-Leste,2019,7020000.0,
export,Togo,2019,3480000.0,
export,Trinidad & Tobago,2019,120000.0,
export,Uganda,2019,271560000.0,
export,Venezuela,2019,3180000.0,
export,Viet Nam,2019,1644000000.0,
export,Yemen,2019,720000.0,
export,Zambia,2019,1620000.0,
export,Zimbabwe,2019,360000.0,
production,Angola,1990,3000000.0,Robusta/Arabica
production,Bolivia (Plurinational State of),1990,7380000.0,Arabica
production,Brazil,1990,1637160000.0,Arabica/Robusta
production,Burundi,1990,29220000.0,Arabica/Robusta
production,Ecuador,1990,90240000.0,Arabica/Robusta
production,Indonesia,1990,446460000.0,Robusta/Arabica
production,Madagascar,1990,58920000.0,Robusta
production,Malawi,1990,6300000.0,Arabica
production,Papua New Guinea,1990,57780000.0,Arabica/Robusta
production,Paraguay,1990,7860000.0,Arabica
production,Peru,1990,56220000.0,Arabica
production,Rwanda,1990,32100000.0,Arabica
production,Timor-Leste,1990,,Arabica
production,Zimbabwe,1990,15120000.0,Arabica
production,Congo,1990,180000.0,Robusta
production,Cuba,1990,24840000.0,Arabica
production,Dominican Republic,1990,52800000.0,Arabica/Robusta
production,Haiti,1990,23580000.0,Arabica
production,Philippines,1990,58440000.0,Robusta/Arabica
production,Tanzania,1990,55920000.0,Arabica/Robusta
production,Zambia,1990,1380000.0,Arabica
production,Cameroon,1990,100920000.0,Robusta/Arabica
production,Central African Republic,1990,10500000.0,Robusta
production,Colombia,1990,863760000.0,Arabica
production,Costa Rica,1990,153720000.0,Arabica
production,Côte d'Ivoire,1990,176400000.0,Robusta
production,Democratic Republic of Congo,1990,94800000.0,Robusta/Arabica
production,El Salvador,1990,147900000.0,Arabica
production,Equatorial Guinea,1990,240000.0,Robusta
production,Ethiopia,1990,174540000.0,Arabica
production,Gabon,1990,180000.0,Robusta
production,Ghana,1990,2280000.0,Robusta
production,Guatemala,1990,196260000.0,Arabica/Robusta
production,Guinea,1990,2640000.0,Robusta
production,Guyana,1990,,Robusta
production,Honduras,1990,94080000.0,Arabica
production,India,1990,169740000.0,Robusta/Arabica
production,Jamaica,1990,1380000.0,Arabica
production,Kenya,1990,89100000.0,Arabica
production,Lao People's Democratic Republic,1990,,Robusta
production,Liberia,1990,180000.0,Robusta
production,Mexico,1990,280440000.0,Arabica/Robusta
production,Nepal,1990,,Arabica
production,Nicaragua,1990,27660000.0,Arabica
production,Nigeria,1990,1740000.0,Robusta
production,Panama,1990,12900000.0,Arabica
production,Sierra Leone,1990,2580000.0,Robusta
production,Sri Lanka,1990,5760000.0,Robusta/Arabica
production,Thailand,1990,45420000.0,Robusta/Arabica
production,Togo,1990,9660000.0,Robusta
production,Trinidad & Tobago,1990,900000.0,Robusta
production,Uganda,1990,117300000.0,Robusta/Arabica
production,Venezuela,1990,67320000.0,Arabica
production,Viet Nam,1990,78600000.0,Robusta/Arabica
production,Yemen,1990,,Arabica
production,Angola,1991,4740000.0,Robusta/Arabica
production,Bolivia (Plurinational State of),1991,6240000.0,Arabica
production,Brazil,1991,1637580000.0,Arabica/Robusta
production,Burundi,1991,40020000.0,Arabica/Robusta
production,Ecuador,1991,127440000.0,Arabica/Robusta
production,Indonesia,1991,509580000.0,Robusta/Arabica
production,Madagascar,1991,55980000.0,Robusta
production,Malawi,1991,7440000.0,Arabica
production,Papua New Guinea,1991,44820000.0,Arabica/Robusta
production,Paraguay,1991,4800000.0,Arabica
production,Peru,1991,72000000.0,Arabica
production,Rwanda,1991,29040000.0,Arabica
production,Timor-Leste,1991,,Arabica
production,Zimbabwe,1991,12060000.0,Arabica
production,Congo,1991,180000.0,Robusta
production,Cuba,1991,18120000.0,Arabica
production,Dominican Republic,1991,19260000.0,Arabica/Robusta
production,Haiti,1991,27780000.0,Arabica
production,Philippines,1991,61080000.0,Robusta/Arabica
production,Tanzania,1991,47400000.0,Arabica/Robusta
production,Zambia,1991,1740000.0,Arabica
production,Cameroon,1991,103560000.0,Robusta/Arabica
production,Central African Republic,1991,7500000.0,Robusta
production,Colombia,1991,1078800000.0,Arabica
production,Costa Rica,1991,165600000.0,Arabica
production,Côte d'Ivoire,1991,247740000.0,Robusta
production,Democratic Republic of Congo,1991,73800000.0,Robusta/Arabica
production,El Salvador,1991,131880000.0,Arabica
production,Equatorial Guinea,1991,180000.0,Robusta
production,Ethiopia,1991,175500000.0,Arabica
production,Gabon,1991,120000.0,Robusta
production,Ghana,1991,4560000.0,Robusta
production,Guatemala,1991,209820000.0,Arabica/Robusta
production,Guinea,1991,5460000.0,Robusta
production,Guyana,1991,,Robusta
production,Honduras,1991,139320000.0,Arabica
production,India,1991,180000000.0,Robusta/Arabica
production,Jamaica,1991,2340000.0,Arabica
production,Kenya,1991,90840000.0,Arabica
production,Lao People's Democratic Republic,1991,,Robusta
production,Liberia,1991,180000.0,Robusta
production,Mexico,1991,283620000.0,Arabica/Robusta
production,Nepal,1991,,Arabica
production,Nicaragua,1991,42420000.0,Arabica
production,Nigeria,1991,2640000.0,Robusta
production,Panama,1991,11580000.0,Arabica
production,Sierra Leone,1991,3240000.0,Robusta
production,Sri Lanka,1991,4920000.0,Robusta/Arabica
production,Thailand,1991,88140000.0,Robusta/Arabica
production,Togo,1991,25980000.0,Robusta
production,Trinidad & Tobago,1991,1080000.0,Robusta
production,Uganda,1991,125280000.0,Robusta/Arabica
production,Venezuela,1991,56460000.0,Arabica
production,Viet Nam,1991,86280000.0,Robusta/Arabica
production,Yemen,1991,,Arabica
production,Angola,1992,4680000.0,Robusta/Arabica
production,Bolivia (Plurinational State of),1992,7200000.0,Arabica
production,Brazil,1992,2076180000.0,Arabica/Robusta
production,Burundi,1992,37200000.0,Arabica/Robusta
production,Ecuador,1992,71100000.0,Arabica/Robusta
production,Indonesia,1992,334140000.0,Robusta/Arabica
production,Madagascar,1992,67320000.0,Robusta
production,Malawi,1992,8220000.0,Arabica
production,Papua New Guinea,1992,54000000.0,Arabica/Robusta
production,Paraguay,1992,3240000.0,Arabica
production,Peru,1992,105720000.0,Arabica
production,Rwanda,1992,38340000.0,Arabica
production,Timor-Leste,1992,,Arabica
production,Zimbabwe,1992,4680000.0,Arabica
production,Congo,1992,180000.0,Robusta
production,Cuba,1992,17040000.0,Arabica
production,Dominican Republic,1992,38280000.0,Arabica/Robusta
production,Haiti,1992,30000000.0,Arabica
production,Philippines,1992,55200000.0,Robusta/Arabica
production,Tanzania,1992,47160000.0,Arabica/Robusta
production,Zambia,1992,1740000.0,Arabica
production,Cameroon,1992,15600000.0,Robusta/Arabica
production,Central African Republic,1992,8040000.0,Robusta
production,Colombia,1992,896820000.0,Arabica
production,Costa Rica,1992,179880000.0,Arabica
production,Côte d'Ivoire,1992,134760000.0,Robusta
production,Democratic Republic of Congo,1992,70800000.0,Robusta/Arabica
production,El Salvador,1992,180060000.0,Arabica
production,Equatorial Guinea,1992,120000.0,Robusta
production,Ethiopia,1992,109500000.0,Arabica
production,Gabon,1992,180000.0,Robusta
production,Ghana,1992,2220000.0,Robusta
production,Guatemala,1992,259080000.0,Arabica/Robusta
production,Guinea,1992,4560000.0,Robusta
production,Guyana,1992,,Robusta
production,Honduras,1992,115080000.0,Arabica
production,India,1992,169380000.0,Robusta/Arabica
production,Jamaica,1992,1560000.0,Arabica
production,Kenya,1992,78960000.0,Arabica
production,Lao People's Democratic Republic,1992,,Robusta
production,Liberia,1992,180000.0,Robusta
production,Mexico,1992,204060000.0,Arabica/Robusta
production,Nepal,1992,,Arabica
production,Nicaragua,1992,32820000.0,Arabica
production,Nigeria,1992,2940000.0,Robusta
production,Panama,1992,11820000.0,Arabica
production,Sierra Leone,1992,2340000.0,Robusta
production,Sri Lanka,1992,3180000.0,Robusta/Arabica
production,Thailand,1992,75300000.0,Robusta/Arabica
production,Togo,1992,5160000.0,Robusta
production,Trinidad & Tobago,1992,840000.0,Robusta
production,Uganda,1992,131100000.0,Robusta/Arabica
production,Venezuela,1992,72900000.0,Arabica
production,Viet Nam,1992,140400000.0,Robusta/Arabica
production,Yemen,1992,,Arabica
production,Angola,1993,1980000.0,Robusta/Arabica
production,Bolivia (Plurinational State of),1993,3060000.0,Arabica
production,Brazil,1993,1690020000.0,Arabica/Robusta
production,Burundi,1993,23580000.0,Arabica/Robusta
production,Ecuador,1993,124140000.0,Arabica/Robusta
production,Indonesia,1993,404580000.0,Robusta/Arabica
production,Madagascar,1993,26520000.0,Robusta
production,Malawi,1993,3720000.0,Arabica
production,Papua New Guinea,1993,61140000.0,Arabica/Robusta
production,Paraguay,1993,4020000.0,Arabica
production,Peru,1993,39900000.0,Arabica
production,Rwanda,1993,26640000.0,Arabica
production,Timor-Leste,1993,,Arabica
production,Zimbabwe,1993,720000.0,Arabica
production,Congo,1993,180000.0,Robusta
production,Cuba,1993,17100000.0,Arabica
production,Dominican Republic,1993,36240000.0,Arabica/Robusta
production,Haiti,1993,27060000.0,Arabica
production,Philippines,1993,52500000.0,Robusta/Arabica
production,Tanzania,1993,44040000.0,Arabica/Robusta
production,Zambia,1993,1620000.0,Arabica
production,Cameroon,1993,40980000.0,Robusta/Arabica
production,Central African Republic,1993,9960000.0,Robusta
production,Colombia,1993,685320000.0,Arabica
production,Costa Rica,1993,141540000.0,Arabica
production,Côte d'Ivoire,1993,137580000.0,Robusta
production,Democratic Republic of Congo,1993,58800000.0,Robusta/Arabica
production,El Salvador,1993,142680000.0,Arabica
production,Equatorial Guinea,1993,0.0,Robusta
production,Ethiopia,1993,178020000.0,Arabica
production,Gabon,1993,180000.0,Robusta
production,Ghana,1993,2700000.0,Robusta
production,Guatemala,1993,212160000.0,Arabica/Robusta
production,Guinea,1993,3840000.0,Robusta
production,Guyana,1993,,Robusta
production,Honduras,1993,109740000.0,Arabica
production,India,1993,211980000.0,Robusta/Arabica
production,Jamaica,1993,2040000.0,Arabica
production,Kenya,1993,79680000.0,Arabica
production,Lao People's Democratic Republic,1993,,Robusta
production,Liberia,1993,300000.0,Robusta
production,Mexico,1993,301380000.0,Arabica/Robusta
production,Nepal,1993,,Arabica
production,Nicaragua,1993,42360000.0,Arabica
production,Nigeria,1993,2700000.0,Robusta
production,Panama,1993,8520000.0,Arabica
production,Sierra Leone,1993,2220000.0,Robusta
production,Sri Lanka,1993,3240000.0,Robusta/Arabica
production,Thailand,1993,76500000.0,Robusta/Arabica
production,Togo,1993,11700000.0,Robusta
production,Trinidad & Tobago,1993,960000.0,Robusta
production,Uganda,1993,188520000.0,Robusta/Arabica
production,Venezuela,1993,79980000.0,Arabica
production,Viet Nam,1993,181200000.0,Robusta/Arabica
production,Yemen,1993,,Arabica
production,Angola,1994,4620000.0,Robusta/Arabica
production,Bolivia (Plurinational State of),1994,7020000.0,Arabica
production,Brazil,1994,1691520000.0,Arabica/Robusta
production,Burundi,1994,39840000.0,Arabica/Robusta
production,Ecuador,1994,142560000.0,Arabica/Robusta
production,Indonesia,1994,322080000.0,Robusta/Arabica
production,Madagascar,1994,38460000.0,Robusta
production,Malawi,1994,5040000.0,Arabica
production,Papua New Guinea,1994,68340000.0,Arabica/Robusta
production,Paraguay,1994,1500000.0,Arabica
production,Peru,1994,70740000.0,Arabica
production,Rwanda,1994,1320000.0,Arabica
production,Timor-Leste,1994,,Arabica
production,Zimbabwe,1994,6360000.0,Arabica
production,Congo,1994,480000.0,Robusta
production,Cuba,1994,17040000.0,Arabica
production,Dominican Republic,1994,43800000.0,Arabica/Robusta
production,Haiti,1994,27000000.0,Arabica
production,Philippines,1994,52620000.0,Robusta/Arabica
production,Tanzania,1994,40740000.0,Arabica/Robusta
production,Zambia,1994,1260000.0,Arabica
production,Cameroon,1994,24360000.0,Robusta/Arabica
production,Central African Republic,1994,15000000.0,Robusta
production,Colombia,1994,777840000.0,Arabica
production,Costa Rica,1994,148920000.0,Arabica
production,Côte d'Ivoire,1994,180360000.0,Robusta
production,Democratic Republic of Congo,1994,77880000.0,Robusta/Arabica
production,El Salvador,1994,137580000.0,Arabica
production,Equatorial Guinea,1994,180000.0,Robusta
production,Ethiopia,1994,165780000.0,Arabica
production,Gabon,1994,480000.0,Robusta
production,Ghana,1994,3420000.0,Robusta
production,Guatemala,1994,227220000.0,Arabica/Robusta
production,Guinea,1994,11880000.0,Robusta
production,Guyana,1994,,Robusta
production,Honduras,1994,130860000.0,Arabica
production,India,1994,180120000.0,Robusta/Arabica
production,Jamaica,1994,2700000.0,Arabica
production,Kenya,1994,99780000.0,Arabica
production,Lao People's Democratic Republic,1994,,Robusta
production,Liberia,1994,300000.0,Robusta
production,Mexico,1994,249540000.0,Arabica/Robusta
production,Nepal,1994,,Arabica
production,Nicaragua,1994,40980000.0,Arabica
production,Nigeria,1994,3120000.0,Robusta
production,Panama,1994,14880000.0,Arabica
production,Sierra Leone,1994,4380000.0,Robusta
production,Sri Lanka,1994,2520000.0,Robusta/Arabica
production,Thailand,1994,83940000.0,Robusta/Arabica
production,Togo,1994,10560000.0,Robusta
production,Trinidad & Tobago,1994,1080000.0,Robusta
production,Uganda,1994,143580000.0,Robusta/Arabica
production,Venezuela,1994,59340000.0,Arabica
production,Viet Nam,1994,217920000.0,Robusta/Arabica
production,Yemen,1994,,Arabica
production,Angola,1995,3720000.0,Robusta/Arabica
production,Bolivia (Plurinational State of),1995,8520000.0,Arabica
production,Brazil,1995,1083600000.0,Arabica/Robusta
production,Burundi,1995,26040000.0,Arabica/Robusta
production,Ecuador,1995,113280000.0,Arabica/Robusta
production,Indonesia,1995,274380000.0,Robusta/Arabica
production,Madagascar,1995,47100000.0,Robusta
production,Malawi,1995,5460000.0,Arabica
production,Papua New Guinea,1995,60120000.0,Arabica/Robusta
production,Paraguay,1995,1560000.0,Arabica
production,Peru,1995,112260000.0,Arabica
production,Rwanda,1995,19740000.0,Arabica
production,Timor-Leste,1995,,Arabica
production,Zimbabwe,1995,7860000.0,Arabica
production,Congo,1995,720000.0,Robusta
production,Cuba,1995,17100000.0,Arabica
production,Dominican Republic,1995,53160000.0,Arabica/Robusta
production,Haiti,1995,30840000.0,Arabica
production,Philippines,1995,51000000.0,Robusta/Arabica
production,Tanzania,1995,53820000.0,Arabica/Robusta
production,Zambia,1995,1560000.0,Arabica
production,Cameroon,1995,39600000.0,Robusta/Arabica
production,Central African Republic,1995,6480000.0,Robusta
production,Colombia,1995,776280000.0,Arabica
production,Costa Rica,1995,170640000.0,Arabica
production,Côte d'Ivoire,1995,151920000.0,Robusta
production,Democratic Republic of Congo,1995,65880000.0,Robusta/Arabica
production,El Salvador,1995,155100000.0,Arabica
production,Equatorial Guinea,1995,120000.0,Robusta
production,Ethiopia,1995,189900000.0,Arabica
production,Gabon,1995,120000.0,Robusta
production,Ghana,1995,3420000.0,Robusta
production,Guatemala,1995,240120000.0,Arabica/Robusta
production,Guinea,1995,6240000.0,Robusta
production,Guyana,1995,,Robusta
production,Honduras,1995,114540000.0,Arabica
production,India,1995,240720000.0,Robusta/Arabica
production,Jamaica,1995,2580000.0,Arabica
production,Kenya,1995,99840000.0,Arabica
production,Lao People's Democratic Republic,1995,,Robusta
production,Liberia,1995,300000.0,Robusta
production,Mexico,1995,318000000.0,Arabica/Robusta
production,Nepal,1995,,Arabica
production,Nicaragua,1995,59100000.0,Arabica
production,Nigeria,1995,3180000.0,Robusta
production,Panama,1995,12540000.0,Arabica
production,Sierra Leone,1995,2640000.0,Robusta
production,Sri Lanka,1995,2160000.0,Robusta/Arabica
production,Thailand,1995,79020000.0,Robusta/Arabica
production,Togo,1995,5040000.0,Robusta
production,Trinidad & Tobago,1995,1080000.0,Robusta
production,Uganda,1995,194640000.0,Robusta/Arabica
production,Venezuela,1995,88020000.0,Arabica
production,Viet Nam,1995,238200000.0,Robusta/Arabica
production,Yemen,1995,,Arabica
production,Angola,1996,4260000.0,Robusta/Arabica
production,Bolivia (Plurinational State of),1996,7500000.0,Arabica
production,Brazil,1996,1751820000.0,Arabica/Robusta
production,Burundi,1996,24060000.0,Arabica/Robusta
production,Ecuador,1996,119580000.0,Arabica/Robusta
production,Indonesia,1996,493260000.0,Robusta/Arabica
production,Madagascar,1996,50940000.0,Robusta
production,Malawi,1996,2940000.0,Arabica
production,Papua New Guinea,1996,65340000.0,Arabica/Robusta
production,Paraguay,1996,1860000.0,Arabica
production,Peru,1996,108360000.0,Arabica
production,Rwanda,1996,17580000.0,Arabica
production,Timor-Leste,1996,,Arabica
production,Zimbabwe,1996,10440000.0,Arabica
production,Congo,1996,840000.0,Robusta
production,Cuba,1996,21960000.0,Arabica
production,Dominican Republic,1996,31140000.0,Arabica/Robusta
production,Haiti,1996,25680000.0,Arabica
production,Philippines,1996,53400000.0,Robusta/Arabica
production,Tanzania,1996,45840000.0,Arabica/Robusta
production,Zambia,1996,1980000.0,Arabica
production,Cameroon,1996,85920000.0,Robusta/Arabica
production,Central African Republic,1996,12480000.0,Robusta
production,Colombia,1996,646740000.0,Arabica
production,Costa Rica,1996,133320000.0,Arabica
production,Côte d'Ivoire,1996,291540000.0,Robusta
production,Democratic Republic of Congo,1996,47700000.0,Robusta/Arabica
production,El Salvador,1996,152040000.0,Arabica
production,Equatorial Guinea,1996,60000.0,Robusta
production,Ethiopia,1996,204420000.0,Arabica
production,Gabon,1996,60000.0,Robusta
production,Ghana,1996,1920000.0,Robusta
production,Guatemala,1996,271500000.0,Arabica/Robusta
production,Guinea,1996,8880000.0,Robusta
production,Guyana,1996,,Robusta
production,Honduras,1996,120240000.0,Arabica
production,India,1996,205020000.0,Robusta/Arabica
production,Jamaica,1996,3240000.0,Arabica
production,Kenya,1996,74820000.0,Arabica
production,Lao People's Democratic Republic,1996,,Robusta
production,Liberia,1996,300000.0,Robusta
production,Mexico,1996,306600000.0,Arabica/Robusta
production,Nepal,1996,,Arabica
production,Nicaragua,1996,47580000.0,Arabica
production,Nigeria,1996,2760000.0,Robusta
production,Panama,1996,12660000.0,Arabica
production,Sierra Leone,1996,2460000.0,Robusta
production,Sri Lanka,1996,2220000.0,Robusta/Arabica
production,Thailand,1996,84240000.0,Robusta/Arabica
production,Togo,1996,17460000.0,Robusta
production,Trinidad & Tobago,1996,1080000.0,Robusta
production,Uganda,1996,205140000.0,Robusta/Arabica
production,Venezuela,1996,72360000.0,Arabica
production,Viet Nam,1996,345120000.0,Robusta/Arabica
production,Yemen,1996,,Arabica
production,Angola,1997,3840000.0,Robusta/Arabica
production,Bolivia (Plurinational State of),1997,8460000.0,Arabica
production,Brazil,1997,1568880000.0,Arabica/Robusta
production,Burundi,1997,15000000.0,Arabica/Robusta
production,Ecuador,1997,71460000.0,Arabica/Robusta
production,Indonesia,1997,457260000.0,Robusta/Arabica
production,Madagascar,1997,37440000.0,Robusta
production,Malawi,1997,3660000.0,Arabica
production,Papua New Guinea,1997,64440000.0,Arabica/Robusta
production,Paraguay,1997,2940000.0,Arabica
production,Peru,1997,115800000.0,Arabica
production,Rwanda,1997,11580000.0,Arabica
production,Timor-Leste,1997,,Arabica
production,Zimbabwe,1997,7800000.0,Arabica
production,Congo,1997,180000.0,Robusta
production,Cuba,1997,18000000.0,Arabica
production,Dominican Republic,1997,56460000.0,Arabica/Robusta
production,Haiti,1997,25920000.0,Arabica
production,Philippines,1997,56100000.0,Robusta/Arabica
production,Tanzania,1997,37440000.0,Arabica/Robusta
production,Zambia,1997,2280000.0,Arabica
production,Cameroon,1997,53340000.0,Robusta/Arabica
production,Central African Republic,1997,6840000.0,Robusta
production,Colombia,1997,727320000.0,Arabica
production,Costa Rica,1997,157020000.0,Arabica
production,Côte d'Ivoire,1997,249840000.0,Robusta
production,Democratic Republic of Congo,1997,48660000.0,Robusta/Arabica
production,El Salvador,1997,130500000.0,Arabica
production,Equatorial Guinea,1997,120000.0,Robusta
production,Ethiopia,1997,183420000.0,Arabica
production,Gabon,1997,180000.0,Robusta
production,Ghana,1997,1620000.0,Robusta
production,Guatemala,1997,253140000.0,Arabica/Robusta
production,Guinea,1997,10320000.0,Robusta
production,Guyana,1997,,Robusta
production,Honduras,1997,153840000.0,Arabica
production,India,1997,246540000.0,Robusta/Arabica
production,Jamaica,1997,2820000.0,Arabica
production,Kenya,1997,52920000.0,Arabica
production,Lao People's Democratic Republic,1997,,Robusta
production,Liberia,1997,300000.0,Robusta
production,Mexico,1997,288120000.0,Arabica/Robusta
production,Nepal,1997,,Arabica
production,Nicaragua,1997,65040000.0,Arabica
production,Nigeria,1997,2700000.0,Robusta
production,Panama,1997,13020000.0,Arabica
production,Sierra Leone,1997,3000000.0,Robusta
production,Sri Lanka,1997,3480000.0,Robusta/Arabica
production,Thailand,1997,77580000.0,Robusta/Arabica
production,Togo,1997,13260000.0,Robusta
production,Trinidad & Tobago,1997,1140000.0,Robusta
production,Uganda,1997,206400000.0,Robusta/Arabica
production,Venezuela,1997,57060000.0,Arabica
production,Viet Nam,1997,418740000.0,Robusta/Arabica
production,Yemen,1997,,Arabica
production,Angola,1998,5100000.0,Robusta/Arabica
production,Bolivia (Plurinational State of),1998,8280000.0,Arabica
production,Brazil,1998,2205660000.0,Arabica/Robusta
production,Burundi,1998,29520000.0,Arabica/Robusta
production,Ecuador,1998,72360000.0,Arabica/Robusta
production,Indonesia,1998,437760000.0,Robusta/Arabica
production,Madagascar,1998,59520000.0,Robusta
production,Malawi,1998,3840000.0,Arabica
production,Papua New Guinea,1998,81120000.0,Arabica/Robusta
production,Paraguay,1998,1920000.0,Arabica
production,Peru,1998,126120000.0,Arabica
production,Rwanda,1998,13380000.0,Arabica
production,Timor-Leste,1998,,Arabica
production,Zimbabwe,1998,8940000.0,Arabica
production,Congo,1998,180000.0,Robusta
production,Cuba,1998,16800000.0,Arabica
production,Dominican Republic,1998,29220000.0,Arabica/Robusta
production,Haiti,1998,26340000.0,Arabica
production,Philippines,1998,40620000.0,Robusta/Arabica
production,Tanzania,1998,44340000.0,Arabica/Robusta
production,Zambia,1998,3720000.0,Arabica
production,Cameroon,1998,66840000.0,Robusta/Arabica
production,Central African Republic,1998,12900000.0,Robusta
production,Colombia,1998,652080000.0,Arabica
production,Costa Rica,1998,146700000.0,Arabica
production,Côte d'Ivoire,1998,119520000.0,Robusta
production,Democratic Republic of Congo,1998,44280000.0,Robusta/Arabica
production,El Salvador,1998,123300000.0,Arabica
production,Equatorial Guinea,1998,60000.0,Robusta
production,Ethiopia,1998,175680000.0,Arabica
production,Gabon,1998,240000.0,Robusta
production,Ghana,1998,3240000.0,Robusta
production,Guatemala,1998,293580000.0,Arabica/Robusta
production,Guinea,1998,25260000.0,Robusta
production,Guyana,1998,360000.0,Robusta
production,Honduras,1998,131700000.0,Arabica
production,India,1998,265020000.0,Robusta/Arabica
production,Jamaica,1998,1740000.0,Arabica
production,Kenya,1998,70380000.0,Arabica
production,Lao People's Democratic Republic,1998,10260000.0,Robusta
production,Liberia,1998,1080000.0,Robusta
production,Mexico,1998,288060000.0,Arabica/Robusta
production,Nepal,1998,,Arabica
production,Nicaragua,1998,64380000.0,Arabica
production,Nigeria,1998,3180000.0,Robusta
production,Panama,1998,11520000.0,Arabica
production,Sierra Leone,1998,1620000.0,Robusta
production,Sri Lanka,1998,2760000.0,Robusta/Arabica
production,Thailand,1998,54960000.0,Robusta/Arabica
production,Togo,1998,19260000.0,Robusta
production,Trinidad & Tobago,1998,1020000.0,Robusta
production,Uganda,1998,203160000.0,Robusta/Arabica
production,Venezuela,1998,95820000.0,Arabica
production,Viet Nam,1998,423120000.0,Robusta/Arabica
production,Yemen,1998,4140000.0,Arabica
production,Angola,1999,3300000.0,Robusta/Arabica
production,Bolivia (Plurinational State of),1999,9480000.0,Arabica
production,Brazil,1999,2854680000.0,Arabica/Robusta
production,Burundi,1999,21060000.0,Arabica/Robusta
production,Ecuador,1999,71880000.0,Arabica/Robusta
production,Indonesia,1999,393420000.0,Robusta/Arabica
production,Madagascar,1999,25620000.0,Robusta
production,Malawi,1999,3540000.0,Arabica
production,Papua New Guinea,1999,83220000.0,Arabica/Robusta
production,Paraguay,1999,1140000.0,Arabica
production,Peru,1999,164640000.0,Arabica
production,Rwanda,1999,18420000.0,Arabica
production,Timor-Leste,1999,,Arabica
production,Zimbabwe,1999,7500000.0,Arabica
production,Congo,1999,180000.0,Robusta
production,Cuba,1999,19680000.0,Arabica
production,Dominican Republic,1999,36420000.0,Arabica/Robusta
production,Haiti,1999,23940000.0,Arabica
production,Philippines,1999,37320000.0,Robusta/Arabica
production,Tanzania,1999,50520000.0,Arabica/Robusta
production,Zambia,1999,3540000.0,Arabica
production,Cameroon,1999,82200000.0,Robusta/Arabica
production,Central African Republic,1999,14460000.0,Robusta
production,Colombia,1999,570720000.0,Arabica
production,Costa Rica,1999,149100000.0,Arabica
production,Côte d'Ivoire,1999,379200000.0,Robusta
production,Democratic Republic of Congo,1999,28620000.0,Robusta/Arabica
production,El Salvador,1999,155880000.0,Arabica
production,Equatorial Guinea,1999,0.0,Robusta
production,Ethiopia,1999,227040000.0,Arabica
production,Gabon,1999,120000.0,Robusta
production,Ghana,1999,5340000.0,Robusta
production,Guatemala,1999,307200000.0,Arabica/Robusta
production,Guinea,1999,21840000.0,Robusta
production,Guyana,1999,300000.0,Robusta
production,Honduras,1999,179100000.0,Arabica
production,India,1999,292020000.0,Robusta/Arabica
production,Jamaica,1999,2280000.0,Arabica
production,Kenya,1999,90120000.0,Arabica
production,Lao People's Democratic Republic,1999,14340000.0,Robusta
production,Liberia,1999,720000.0,Robusta
production,Mexico,1999,373140000.0,Arabica/Robusta
production,Nepal,1999,,Arabica
production,Nicaragua,1999,93240000.0,Arabica
production,Nigeria,1999,2700000.0,Robusta
production,Panama,1999,9960000.0,Arabica
production,Sierra Leone,1999,3540000.0,Robusta
production,Sri Lanka,1999,1920000.0,Robusta/Arabica
production,Thailand,1999,76380000.0,Robusta/Arabica
production,Togo,1999,15780000.0,Robusta
production,Trinidad & Tobago,1999,1020000.0,Robusta
production,Uganda,1999,171720000.0,Robusta/Arabica
production,Venezuela,1999,82020000.0,Arabica
production,Viet Nam,1999,697860000.0,Robusta/Arabica
production,Yemen,1999,3660000.0,Arabica
production,Angola,2000,3000000.0,Robusta/Arabica
production,Bolivia (Plurinational State of),2000,8880000.0,Arabica
production,Brazil,2000,1878600000.0,Arabica/Robusta
production,Burundi,2000,29220000.0,Arabica/Robusta
production,Ecuador,2000,51240000.0,Arabica/Robusta
production,Indonesia,2000,419220000.0,Robusta/Arabica
production,Madagascar,2000,21720000.0,Robusta
production,Malawi,2000,3780000.0,Arabica
production,Papua New Guinea,2000,62460000.0,Arabica/Robusta
production,Paraguay,2000,1320000.0,Arabica
production,Peru,2000,160560000.0,Arabica
production,Rwanda,2000,16380000.0,Arabica
production,Timor-Leste,2000,420000.0,Arabica
production,Zimbabwe,2000,6540000.0,Arabica
production,Congo,2000,180000.0,Robusta
production,Cuba,2000,18720000.0,Arabica
production,Dominican Republic,2000,28020000.0,Arabica/Robusta
production,Haiti,2000,25200000.0,Arabica
production,Philippines,2000,20460000.0,Robusta/Arabica
production,Tanzania,2000,48540000.0,Arabica/Robusta
production,Zambia,2000,5580000.0,Arabica
production,Cameroon,2000,66780000.0,Robusta/Arabica
production,Central African Republic,2000,6780000.0,Robusta
production,Colombia,2000,631140000.0,Arabica
production,Costa Rica,2000,145140000.0,Arabica
production,Côte d'Ivoire,2000,290760000.0,Robusta
production,Democratic Republic of Congo,2000,21780000.0,Robusta/Arabica
production,El Salvador,2000,102240000.0,Arabica
production,Equatorial Guinea,2000,0.0,Robusta
production,Ethiopia,2000,186900000.0,Arabica
production,Gabon,2000,0.0,Robusta
production,Ghana,2000,4560000.0,Robusta
production,Guatemala,2000,296400000.0,Arabica/Robusta
production,Guinea,2000,24000000.0,Robusta
production,Guyana,2000,180000.0,Robusta
production,Honduras,2000,160020000.0,Arabica
production,India,2000,301200000.0,Robusta/Arabica
production,Jamaica,2000,2220000.0,Arabica
production,Kenya,2000,60120000.0,Arabica
production,Lao People's Democratic Republic,2000,12720000.0,Robusta
production,Liberia,2000,720000.0,Robusta
production,Mexico,2000,288900000.0,Arabica/Robusta
production,Nepal,2000,,Arabica
production,Nicaragua,2000,94320000.0,Arabica
production,Nigeria,2000,2940000.0,Robusta
production,Panama,2000,10200000.0,Arabica
production,Sierra Leone,2000,2940000.0,Robusta
production,Sri Lanka,2000,1980000.0,Robusta/Arabica
production,Thailand,2000,101520000.0,Robusta/Arabica
production,Togo,2000,11820000.0,Robusta
production,Trinidad & Tobago,2000,960000.0,Robusta
production,Uganda,2000,204060000.0,Robusta/Arabica
production,Venezuela,2000,87000000.0,Arabica
production,Viet Nam,2000,890460000.0,Robusta/Arabica
production,Yemen,2000,3840000.0,Arabica
production,Angola,2001,1260000.0,Robusta/Arabica
production,Bolivia (Plurinational State of),2001,5640000.0,Arabica
production,Brazil,2001,1881900000.0,Arabica/Robusta
production,Burundi,2001,8640000.0,Arabica/Robusta
production,Ecuador,2001,47580000.0,Arabica/Robusta
production,Indonesia,2001,409980000.0,Robusta/Arabica
production,Madagascar,2001,8820000.0,Robusta
production,Malawi,2001,3600000.0,Arabica
production,Papua New Guinea,2001,63780000.0,Arabica/Robusta
production,Paraguay,2001,1320000.0,Arabica
production,Peru,2001,169740000.0,Arabica
production,Rwanda,2001,17760000.0,Arabica
production,Timor-Leste,2001,1980000.0,Arabica
production,Zimbabwe,2001,7260000.0,Arabica
production,Congo,2001,180000.0,Robusta
production,Cuba,2001,17100000.0,Arabica
production,Dominican Republic,2001,23220000.0,Arabica/Robusta
production,Haiti,2001,24180000.0,Arabica
production,Philippines,2001,15780000.0,Robusta/Arabica
production,Tanzania,2001,37440000.0,Arabica/Robusta
production,Zambia,2001,6000000.0,Arabica
production,Cameroon,2001,41160000.0,Robusta/Arabica
production,Central African Republic,2001,4080000.0,Robusta
production,Colombia,2001,717000000.0,Arabica
production,Costa Rica,2001,134820000.0,Arabica
production,Côte d'Ivoire,2001,215760000.0,Robusta
production,Democratic Republic of Congo,2001,25380000.0,Robusta/Arabica
production,El Salvador,2001,101640000.0,Arabica
production,Equatorial Guinea,2001,0.0,Robusta
production,Ethiopia,2001,242640000.0,Arabica
production,Gabon,2001,60000.0,Robusta
production,Ghana,2001,420000.0,Robusta
production,Guatemala,2001,220140000.0,Arabica/Robusta
production,Guinea,2001,14160000.0,Robusta
production,Guyana,2001,300000.0,Robusta
production,Honduras,2001,182160000.0,Arabica
production,India,2001,288600000.0,Robusta/Arabica
production,Jamaica,2001,1860000.0,Arabica
production,Kenya,2001,59460000.0,Arabica
production,Lao People's Democratic Republic,2001,15480000.0,Robusta
production,Liberia,2001,720000.0,Robusta
production,Mexico,2001,266280000.0,Arabica/Robusta
production,Nepal,2001,,Arabica
production,Nicaragua,2001,64740000.0,Arabica
production,Nigeria,2001,2640000.0,Robusta
production,Panama,2001,9600000.0,Arabica
production,Sierra Leone,2001,4740000.0,Robusta
production,Sri Lanka,2001,1920000.0,Robusta/Arabica
production,Thailand,2001,42840000.0,Robusta/Arabica
production,Togo,2001,6720000.0,Robusta
production,Trinidad & Tobago,2001,960000.0,Robusta
production,Uganda,2001,189480000.0,Robusta/Arabica
production,Venezuela,2001,75900000.0,Arabica
production,Viet Nam,2001,785580000.0,Robusta/Arabica
production,Yemen,2001,3720000.0,Arabica
production,Angola,2002,3420000.0,Robusta/Arabica
production,Bolivia (Plurinational State of),2002,7620000.0,Arabica
production,Brazil,2002,2901120000.0,Arabica/Robusta
production,Burundi,2002,27240000.0,Arabica/Robusta
production,Ecuador,2002,34920000.0,Arabica/Robusta
production,Indonesia,2002,403860000.0,Robusta/Arabica
production,Madagascar,2002,26700000.0,Robusta
production,Malawi,2002,2520000.0,Arabica
production,Papua New Guinea,2002,65100000.0,Arabica/Robusta
production,Paraguay,2002,2160000.0,Arabica
production,Peru,2002,180000000.0,Arabica
production,Rwanda,2002,19200000.0,Arabica
production,Timor-Leste,2002,2220000.0,Arabica
production,Zimbabwe,2002,6600000.0,Arabica
production,Congo,2002,180000.0,Robusta
production,Cuba,2002,14340000.0,Arabica
production,Dominican Republic,2002,27300000.0,Arabica/Robusta
production,Haiti,2002,22440000.0,Arabica
production,Philippines,2002,15300000.0,Robusta/Arabica
production,Tanzania,2002,49440000.0,Arabica/Robusta
production,Zambia,2002,7140000.0,Arabica
production,Cameroon,2002,48060000.0,Robusta/Arabica
production,Central African Republic,2002,5520000.0,Robusta
production,Colombia,2002,702720000.0,Arabica
production,Costa Rica,2002,122580000.0,Arabica
production,Côte d'Ivoire,2002,180600000.0,Robusta
production,Democratic Republic of Congo,2002,20280000.0,Robusta/Arabica
production,El Salvador,2002,81660000.0,Arabica
production,Equatorial Guinea,2002,0.0,Robusta
production,Ethiopia,2002,245640000.0,Arabica
production,Gabon,2002,60000.0,Robusta
production,Ghana,2002,2040000.0,Robusta
production,Guatemala,2002,244200000.0,Arabica/Robusta
production,Guinea,2002,19680000.0,Robusta
production,Guyana,2002,300000.0,Robusta
production,Honduras,2002,149760000.0,Arabica
production,India,2002,275280000.0,Robusta/Arabica
production,Jamaica,2002,2220000.0,Arabica
production,Kenya,2002,56700000.0,Arabica
production,Lao People's Democratic Republic,2002,24120000.0,Robusta
production,Liberia,2002,720000.0,Robusta
production,Mexico,2002,261060000.0,Arabica/Robusta
production,Nepal,2002,,Arabica
production,Nicaragua,2002,70200000.0,Arabica
production,Nigeria,2002,3000000.0,Robusta
production,Panama,2002,8400000.0,Arabica
production,Sierra Leone,2002,2520000.0,Robusta
production,Sri Lanka,2002,2040000.0,Robusta/Arabica
production,Thailand,2002,43920000.0,Robusta/Arabica
production,Togo,2002,4080000.0,Robusta
production,Trinidad & Tobago,2002,1020000.0,Robusta
production,Uganda,2002,173400000.0,Robusta/Arabica
production,Venezuela,2002,89040000.0,Arabica
production,Viet Nam,2002,694440000.0,Robusta/Arabica
production,Yemen,2002,3420000.0,Arabica
production,Angola,2003,2280000.0,Robusta/Arabica
production,Bolivia (Plurinational State of),2003,6180000.0,Arabica
production,Brazil,2003,1732380000.0,Arabica/Robusta
production,Burundi,2003,20280000.0,Arabica/Robusta
production,Ecuador,2003,38460000.0,Arabica/Robusta
production,Indonesia,2003,384240000.0,Robusta/Arabica
production,Madagascar,2003,26100000.0,Robusta
production,Malawi,2003,2880000.0,Arabica
production,Papua New Guinea,2003,69300000.0,Arabica/Robusta
production,Paraguay,2003,2820000.0,Arabica
production,Peru,2003,161160000.0,Arabica
production,Rwanda,2003,15960000.0,Arabica
production,Timor-Leste,2003,2520000.0,Arabica
production,Zimbabwe,2003,5520000.0,Arabica
production,Congo,2003,180000.0,Robusta
production,Cuba,2003,13440000.0,Arabica
production,Dominican Republic,2003,21060000.0,Arabica/Robusta
production,Haiti,2003,22440000.0,Arabica
production,Philippines,2003,17580000.0,Robusta/Arabica
production,Tanzania,2003,36720000.0,Arabica/Robusta
production,Zambia,2003,6000000.0,Arabica
production,Cameroon,2003,54000000.0,Robusta/Arabica
production,Central African Republic,2003,2580000.0,Robusta
production,Colombia,2003,663180000.0,Arabica
production,Costa Rica,2003,113160000.0,Arabica
production,Côte d'Ivoire,2003,178860000.0,Robusta
production,Democratic Republic of Congo,2003,27060000.0,Robusta/Arabica
production,El Salvador,2003,82800000.0,Arabica
production,Equatorial Guinea,2003,0.0,Robusta
production,Ethiopia,2003,263640000.0,Arabica
production,Gabon,2003,0.0,Robusta
production,Ghana,2003,1080000.0,Robusta
production,Guatemala,2003,216600000.0,Arabica/Robusta
production,Guinea,2003,21960000.0,Robusta
production,Guyana,2003,300000.0,Robusta
production,Honduras,2003,178080000.0,Arabica
production,India,2003,282480000.0,Robusta/Arabica
production,Jamaica,2003,2220000.0,Arabica
production,Kenya,2003,40380000.0,Arabica
production,Lao People's Democratic Republic,2003,21660000.0,Robusta
production,Liberia,2003,300000.0,Robusta
production,Mexico,2003,252060000.0,Arabica/Robusta
production,Nepal,2003,60000.0,Arabica
production,Nicaragua,2003,90540000.0,Arabica
production,Nigeria,2003,2760000.0,Robusta
production,Panama,2003,10320000.0,Arabica
production,Sierra Leone,2003,2160000.0,Robusta
production,Sri Lanka,2003,2220000.0,Robusta/Arabica
production,Thailand,2003,49620000.0,Robusta/Arabica
production,Togo,2003,8640000.0,Robusta
production,Trinidad & Tobago,2003,960000.0,Robusta
production,Uganda,2003,155940000.0,Robusta/Arabica
production,Venezuela,2003,85260000.0,Arabica
production,Viet Nam,2003,920220000.0,Robusta/Arabica
production,Yemen,2003,11580000.0,Arabica
production,Angola,2004,900000.0,Robusta/Arabica
production,Bolivia (Plurinational State of),2004,9300000.0,Arabica
production,Brazil,2004,2356860000.0,Arabica/Robusta
production,Burundi,2004,26220000.0,Arabica/Robusta
production,Ecuador,2004,46800000.0,Arabica/Robusta
production,Indonesia,2004,452160000.0,Robusta/Arabica
production,Madagascar,2004,31320000.0,Robusta
production,Malawi,2004,1260000.0,Arabica
production,Papua New Guinea,2004,59880000.0,Arabica/Robusta
production,Paraguay,2004,2280000.0,Arabica
production,Peru,2004,205500000.0,Arabica
production,Rwanda,2004,27000000.0,Arabica
production,Timor-Leste,2004,1020000.0,Arabica
production,Zimbabwe,2004,7200000.0,Arabica
production,Congo,2004,180000.0,Robusta
production,Cuba,2004,10800000.0,Arabica
production,Dominican Republic,2004,29460000.0,Arabica/Robusta
production,Haiti,2004,21900000.0,Arabica
production,Philippines,2004,21300000.0,Robusta/Arabica
production,Tanzania,2004,45780000.0,Arabica/Robusta
production,Zambia,2004,6600000.0,Arabica
production,Cameroon,2004,43620000.0,Robusta/Arabica
production,Central African Republic,2004,1740000.0,Robusta
production,Colombia,2004,685740000.0,Arabica
production,Costa Rica,2004,112560000.0,Arabica
production,Côte d'Ivoire,2004,128160000.0,Robusta
production,Democratic Republic of Congo,2004,21600000.0,Robusta/Arabica
production,El Salvador,2004,71820000.0,Arabica
production,Equatorial Guinea,2004,0.0,Robusta
production,Ethiopia,2004,312780000.0,Arabica
production,Gabon,2004,0.0,Robusta
production,Ghana,2004,1080000.0,Robusta
production,Guatemala,2004,222180000.0,Arabica/Robusta
production,Guinea,2004,18960000.0,Robusta
production,Guyana,2004,360000.0,Robusta
production,Honduras,2004,154500000.0,Arabica
production,India,2004,275460000.0,Robusta/Arabica
production,Jamaica,2004,1260000.0,Arabica
production,Kenya,2004,44160000.0,Arabica
production,Lao People's Democratic Republic,2004,22740000.0,Robusta
production,Liberia,2004,360000.0,Robusta
production,Mexico,2004,232020000.0,Arabica/Robusta
production,Nepal,2004,60000.0,Arabica
production,Nicaragua,2004,64080000.0,Arabica
production,Nigeria,2004,2700000.0,Robusta
production,Panama,2004,5400000.0,Arabica
production,Sierra Leone,2004,900000.0,Robusta
production,Sri Lanka,2004,1920000.0,Robusta/Arabica
production,Thailand,2004,53040000.0,Robusta/Arabica
production,Togo,2004,9960000.0,Robusta
production,Trinidad & Tobago,2004,900000.0,Robusta
production,Uganda,2004,156780000.0,Robusta/Arabica
production,Venezuela,2004,79620000.0,Arabica
production,Viet Nam,2004,862200000.0,Robusta/Arabica
production,Yemen,2004,12360000.0,Arabica
production,Angola,2005,1500000.0,Robusta/Arabica
production,Bolivia (Plurinational State of),2005,6600000.0,Arabica
production,Brazil,2005,1975980000.0,Arabica/Robusta
production,Burundi,2005,6180000.0,Arabica/Robusta
production,Ecuador,2005,56100000.0,Arabica/Robusta
production,Indonesia,2005,549540000.0,Robusta/Arabica
production,Madagascar,2005,35940000.0,Robusta
production,Malawi,2005,1440000.0,Arabica
production,Papua New Guinea,2005,76080000.0,Arabica/Robusta
production,Paraguay,2005,2640000.0,Arabica
production,Peru,2005,149340000.0,Arabica
production,Rwanda,2005,20220000.0,Arabica
production,Timor-Leste,2005,1440000.0,Arabica
production,Zimbabwe,2005,3960000.0,Arabica
production,Congo,2005,180000.0,Robusta
production,Cuba,2005,6000000.0,Arabica
production,Dominican Republic,2005,18600000.0,Arabica/Robusta
production,Haiti,2005,21360000.0,Arabica
production,Philippines,2005,25920000.0,Robusta/Arabica
production,Tanzania,2005,48240000.0,Arabica/Robusta
production,Zambia,2005,6180000.0,Arabica
production,Cameroon,2005,52200000.0,Robusta/Arabica
production,Central African Republic,2005,1380000.0,Robusta
production,Colombia,2005,717120000.0,Arabica
production,Costa Rica,2005,99180000.0,Arabica
production,Côte d'Ivoire,2005,125940000.0,Robusta
production,Democratic Republic of Congo,2005,20160000.0,Robusta/Arabica
production,El Salvador,2005,79140000.0,Arabica
production,Equatorial Guinea,2005,0.0,Robusta
production,Ethiopia,2005,286740000.0,Arabica
production,Gabon,2005,60000.0,Robusta
production,Ghana,2005,720000.0,Robusta
production,Guatemala,2005,220560000.0,Arabica/Robusta
production,Guinea,2005,31500000.0,Robusta
production,Guyana,2005,420000.0,Robusta
production,Honduras,2005,192240000.0,Arabica
production,India,2005,273960000.0,Robusta/Arabica
production,Jamaica,2005,2040000.0,Arabica
production,Kenya,2005,39600000.0,Arabica
production,Lao People's Democratic Republic,2005,16800000.0,Robusta
production,Liberia,2005,300000.0,Robusta
production,Mexico,2005,253500000.0,Arabica/Robusta
production,Nepal,2005,60000.0,Arabica
production,Nicaragua,2005,85920000.0,Arabica
production,Nigeria,2005,4140000.0,Robusta
production,Panama,2005,10560000.0,Arabica
production,Sierra Leone,2005,3600000.0,Robusta
production,Sri Lanka,2005,2100000.0,Robusta/Arabica
production,Thailand,2005,63840000.0,Robusta/Arabica
production,Togo,2005,8400000.0,Robusta
production,Trinidad & Tobago,2005,900000.0,Robusta
production,Uganda,2005,130500000.0,Robusta/Arabica
production,Venezuela,2005,90360000.0,Arabica
production,Viet Nam,2005,830520000.0,Robusta/Arabica
production,Yemen,2005,12180000.0,Arabica
production,Angola,2006,2100000.0,Robusta/Arabica
production,Bolivia (Plurinational State of),2006,8760000.0,Arabica
production,Brazil,2006,2905920000.0,Arabica/Robusta
production,Burundi,2006,29880000.0,Arabica/Robusta
production,Ecuador,2006,62100000.0,Arabica/Robusta
production,Indonesia,2006,448980000.0,Robusta/Arabica
production,Madagascar,2006,35220000.0,Robusta
production,Malawi,2006,1020000.0,Arabica
production,Papua New Guinea,2006,48420000.0,Arabica/Robusta
production,Paraguay,2006,2100000.0,Arabica
production,Peru,2006,259140000.0,Arabica
production,Rwanda,2006,21060000.0,Arabica
production,Timor-Leste,2006,2760000.0,Arabica
production,Zimbabwe,2006,2700000.0,Arabica
production,Congo,2006,180000.0,Robusta
production,Cuba,2006,6300000.0,Arabica
production,Dominican Republic,2006,23220000.0,Arabica/Robusta
production,Haiti,2006,21720000.0,Arabica
production,Philippines,2006,26460000.0,Robusta/Arabica
production,Tanzania,2006,49320000.0,Arabica/Robusta
production,Zambia,2006,3360000.0,Arabica
production,Cameroon,2006,49080000.0,Robusta/Arabica
production,Central African Republic,2006,6840000.0,Robusta
production,Colombia,2006,729840000.0,Arabica
production,Costa Rica,2006,102360000.0,Arabica
production,Côte d'Ivoire,2006,170880000.0,Robusta
production,Democratic Republic of Congo,2006,22680000.0,Robusta/Arabica
production,El Salvador,2006,74040000.0,Arabica
production,Equatorial Guinea,2006,0.0,Robusta
production,Ethiopia,2006,333060000.0,Arabica
production,Gabon,2006,60000.0,Robusta
production,Ghana,2006,1200000.0,Robusta
production,Guatemala,2006,237000000.0,Arabica/Robusta
production,Guinea,2006,28380000.0,Robusta
production,Guyana,2006,480000.0,Robusta
production,Honduras,2006,207660000.0,Arabica
production,India,2006,270000000.0,Robusta/Arabica
production,Jamaica,2006,2400000.0,Arabica
production,Kenya,2006,49560000.0,Arabica
production,Lao People's Democratic Republic,2006,23460000.0,Robusta
production,Liberia,2006,420000.0,Robusta
production,Mexico,2006,252000000.0,Arabica/Robusta
production,Nepal,2006,120000.0,Arabica
production,Nicaragua,2006,85680000.0,Arabica
production,Nigeria,2006,3060000.0,Robusta
production,Panama,2006,10380000.0,Arabica
production,Sierra Leone,2006,1860000.0,Robusta
production,Sri Lanka,2006,1980000.0,Robusta/Arabica
production,Thailand,2006,49320000.0,Robusta/Arabica
production,Togo,2006,8040000.0,Robusta
production,Trinidad & Tobago,2006,720000.0,Robusta
production,Uganda,2006,173640000.0,Robusta/Arabica
production,Venezuela,2006,94260000.0,Arabica
production,Viet Nam,2006,1160400000.0,Robusta/Arabica
production,Yemen,2006,12420000.0,Arabica
production,Angola,2007,2160000.0,Robusta/Arabica
production,Bolivia (Plurinational State of),2007,6960000.0,Arabica
production,Brazil,2007,2334660000.0,Arabica/Robusta
production,Burundi,2007,7980000.0,Arabica/Robusta
production,Ecuador,2007,57000000.0,Arabica/Robusta
production,Indonesia,2007,466620000.0,Robusta/Arabica
production,Madagascar,2007,36840000.0,Robusta
production,Malawi,2007,1140000.0,Arabica
production,Papua New Guinea,2007,58080000.0,Arabica/Robusta
production,Paraguay,2007,2340000.0,Arabica
production,Peru,2007,183780000.0,Arabica
production,Rwanda,2007,13440000.0,Arabica
production,Timor-Leste,2007,2160000.0,Arabica
production,Zimbabwe,2007,1860000.0,Arabica
production,Congo,2007,180000.0,Robusta
production,Cuba,2007,6600000.0,Arabica
production,Dominican Republic,2007,27900000.0,Arabica/Robusta
production,Haiti,2007,21540000.0,Arabica
production,Philippines,2007,26760000.0,Robusta/Arabica
production,Tanzania,2007,48600000.0,Arabica/Robusta
production,Zambia,2007,3660000.0,Arabica
production,Cameroon,2007,47700000.0,Robusta/Arabica
production,Central African Republic,2007,2580000.0,Robusta
production,Colombia,2007,750900000.0,Arabica
production,Costa Rica,2007,107820000.0,Arabica
production,Côte d'Ivoire,2007,80280000.0,Robusta
production,Democratic Republic of Congo,2007,24960000.0,Robusta/Arabica
production,El Salvador,2007,90300000.0,Arabica
production,Equatorial Guinea,2007,0.0,Robusta
production,Ethiopia,2007,358020000.0,Arabica
production,Gabon,2007,60000.0,Robusta
production,Ghana,2007,2100000.0,Robusta
production,Guatemala,2007,246000000.0,Arabica/Robusta
production,Guinea,2007,19380000.0,Robusta
production,Guyana,2007,540000.0,Robusta
production,Honduras,2007,218400000.0,Arabica
production,India,2007,262020000.0,Robusta/Arabica
production,Jamaica,2007,1200000.0,Arabica
production,Kenya,2007,39120000.0,Arabica
production,Lao People's Democratic Republic,2007,23580000.0,Robusta
production,Liberia,2007,420000.0,Robusta
production,Mexico,2007,249000000.0,Arabica/Robusta
production,Nepal,2007,60000.0,Arabica
production,Nicaragua,2007,114360000.0,Arabica
production,Nigeria,2007,2520000.0,Robusta
production,Panama,2007,10560000.0,Arabica
production,Sierra Leone,2007,2400000.0,Robusta
production,Sri Lanka,2007,1980000.0,Robusta/Arabica
production,Thailand,2007,39000000.0,Robusta/Arabica
production,Togo,2007,7500000.0,Robusta
production,Trinidad & Tobago,2007,720000.0,Robusta
production,Uganda,2007,209400000.0,Robusta/Arabica
production,Venezuela,2007,91200000.0,Arabica
production,Viet Nam,2007,984300000.0,Robusta/Arabica
production,Yemen,2007,11880000.0,Arabica
production,Angola,2008,2280000.0,Robusta/Arabica
production,Bolivia (Plurinational State of),2008,7200000.0,Arabica
production,Brazil,2008,3089460000.0,Arabica/Robusta
production,Burundi,2008,24720000.0,Arabica/Robusta
production,Ecuador,2008,46260000.0,Arabica/Robusta
production,Indonesia,2008,576720000.0,Robusta/Arabica
production,Madagascar,2008,43680000.0,Robusta
production,Malawi,2008,1260000.0,Arabica
production,Papua New Guinea,2008,61680000.0,Arabica/Robusta
production,Paraguay,2008,1200000.0,Arabica
production,Peru,2008,232320000.0,Arabica
production,Rwanda,2008,22140000.0,Arabica
production,Timor-Leste,2008,2880000.0,Arabica
production,Zimbabwe,2008,1440000.0,Arabica
production,Congo,2008,180000.0,Robusta
production,Cuba,2008,7980000.0,Arabica
production,Dominican Republic,2008,38700000.0,Arabica/Robusta
production,Haiti,2008,21540000.0,Arabica
production,Philippines,2008,35220000.0,Robusta/Arabica
production,Tanzania,2008,71160000.0,Arabica/Robusta
production,Zambia,2008,2100000.0,Arabica
production,Cameroon,2008,43500000.0,Robusta/Arabica
production,Central African Republic,2008,3600000.0,Robusta
production,Colombia,2008,519840000.0,Arabica
production,Costa Rica,2008,90000000.0,Arabica
production,Côte d'Ivoire,2008,151560000.0,Robusta
production,Democratic Republic of Congo,2008,25320000.0,Robusta/Arabica
production,El Salvador,2008,87000000.0,Arabica
production,Equatorial Guinea,2008,0.0,Robusta
production,Ethiopia,2008,296940000.0,Arabica
production,Gabon,2008,120000.0,Robusta
production,Ghana,2008,1560000.0,Robusta
production,Guatemala,2008,227100000.0,Arabica/Robusta
production,Guinea,2008,30300000.0,Robusta
production,Guyana,2008,600000.0,Robusta
production,Honduras,2008,207000000.0,Arabica
production,India,2008,244320000.0,Robusta/Arabica
production,Jamaica,2008,1920000.0,Arabica
production,Kenya,2008,32460000.0,Arabica
production,Lao People's Democratic Republic,2008,24360000.0,Robusta
production,Liberia,2008,720000.0,Robusta
production,Mexico,2008,279060000.0,Arabica/Robusta
production,Nepal,2008,60000.0,Arabica
production,Nicaragua,2008,86700000.0,Arabica
production,Nigeria,2008,3000000.0,Robusta
production,Panama,2008,8940000.0,Arabica
production,Sierra Leone,2008,5160000.0,Robusta
production,Sri Lanka,2008,1860000.0,Robusta/Arabica
production,Thailand,2008,40500000.0,Robusta/Arabica
production,Togo,2008,8280000.0,Robusta
production,Trinidad & Tobago,2008,660000.0,Robusta
production,Uganda,2008,200100000.0,Robusta/Arabica
production,Venezuela,2008,55920000.0,Arabica
production,Viet Nam,2008,1106280000.0,Robusta/Arabica
production,Yemen,2008,13200000.0,Arabica
production,Angola,2009,780000.0,Robusta/Arabica
production,Bolivia (Plurinational State of),2009,7680000.0,Arabica
production,Brazil,2009,2638620000.0,Arabica/Robusta
production,Burundi,2009,6720000.0,Arabica/Robusta
production,Ecuador,2009,48780000.0,Arabica/Robusta
production,Indonesia,2009,682800000.0,Robusta/Arabica
production,Madagascar,2009,27420000.0,Robusta
production,Malawi,2009,1020000.0,Arabica
production,Papua New Guinea,2009,62280000.0,Arabica/Robusta
production,Paraguay,2009,1200000.0,Arabica
production,Peru,2009,197160000.0,Arabica
production,Rwanda,2009,15540000.0,Arabica
production,Timor-Leste,2009,2820000.0,Arabica
production,Zimbabwe,2009,1260000.0,Arabica
production,Congo,2009,180000.0,Robusta
production,Cuba,2009,5520000.0,Arabica
production,Dominican Republic,2009,21120000.0,Arabica/Robusta
production,Haiti,2009,21060000.0,Arabica
production,Philippines,2009,43800000.0,Robusta/Arabica
production,Tanzania,2009,40500000.0,Arabica/Robusta
production,Zambia,2009,1680000.0,Arabica
production,Cameroon,2009,54120000.0,Robusta/Arabica
production,Central African Republic,2009,6720000.0,Robusta
production,Colombia,2009,485880000.0,Arabica
production,Costa Rica,2009,88620000.0,Arabica
production,Côte d'Ivoire,2009,119340000.0,Robusta
production,Democratic Republic of Congo,2009,20760000.0,Robusta/Arabica
production,El Salvador,2009,64500000.0,Arabica
production,Equatorial Guinea,2009,0.0,Robusta
production,Ethiopia,2009,409800000.0,Arabica
production,Gabon,2009,0.0,Robusta
production,Ghana,2009,1140000.0,Robusta
production,Guatemala,2009,230100000.0,Arabica/Robusta
production,Guinea,2009,29940000.0,Robusta
production,Guyana,2009,540000.0,Robusta
production,Honduras,2009,216180000.0,Arabica
production,India,2009,289620000.0,Robusta/Arabica
production,Jamaica,2009,1500000.0,Arabica
production,Kenya,2009,37800000.0,Arabica
production,Lao People's Democratic Republic,2009,26040000.0,Robusta
production,Liberia,2009,780000.0,Robusta
production,Mexico,2009,246540000.0,Arabica/Robusta
production,Nepal,2009,60000.0,Arabica
production,Nicaragua,2009,112260000.0,Arabica
production,Nigeria,2009,2040000.0,Robusta
production,Panama,2009,8280000.0,Arabica
production,Sierra Leone,2009,5460000.0,Robusta
production,Sri Lanka,2009,1920000.0,Robusta/Arabica
production,Thailand,2009,47700000.0,Robusta/Arabica
production,Togo,2009,12120000.0,Robusta
production,Trinidad & Tobago,2009,660000.0,Robusta
production,Uganda,2009,173640000.0,Robusta/Arabica
production,Venezuela,2009,72840000.0,Arabica
production,Viet Nam,2009,1069500000.0,Robusta/Arabica
production,Yemen,2009,8100000.0,Arabica
production,Angola,2010,2100000.0,Robusta/Arabica
production,Bolivia (Plurinational State of),2010,7020000.0,Arabica
production,Brazil,2010,3325680000.0,Arabica/Robusta
production,Burundi,2010,21180000.0,Arabica/Robusta
production,Ecuador,2010,51240000.0,Arabica/Robusta
production,Indonesia,2010,547740000.0,Robusta/Arabica
production,Madagascar,2010,31800000.0,Robusta
production,Malawi,2010,1020000.0,Arabica
production,Papua New Guinea,2010,52020000.0,Arabica/Robusta
production,Paraguay,2010,1200000.0,Arabica
production,Peru,2010,244140000.0,Arabica
production,Rwanda,2010,19380000.0,Arabica
production,Timor-Leste,2010,3600000.0,Arabica
production,Zimbabwe,2010,600000.0,Arabica
production,Congo,2010,180000.0,Robusta
production,Cuba,2010,6480000.0,Arabica
production,Dominican Republic,2010,22680000.0,Arabica/Robusta
production,Haiti,2010,21000000.0,Arabica
production,Philippines,2010,11340000.0,Robusta/Arabica
production,Tanzania,2010,50760000.0,Arabica/Robusta
production,Zambia,2010,780000.0,Arabica
production,Cameroon,2010,31620000.0,Robusta/Arabica
production,Central African Republic,2010,4680000.0,Robusta
production,Colombia,2010,511380000.0,Arabica
production,Costa Rica,2010,96840000.0,Arabica
production,Côte d'Ivoire,2010,50220000.0,Robusta
production,Democratic Republic of Congo,2010,18300000.0,Robusta/Arabica
production,El Salvador,2010,112380000.0,Arabica
production,Equatorial Guinea,2010,0.0,Robusta
production,Ethiopia,2010,333600000.0,Arabica
production,Gabon,2010,120000.0,Robusta
production,Ghana,2010,4140000.0,Robusta
production,Guatemala,2010,237000000.0,Arabica/Robusta
production,Guinea,2010,23160000.0,Robusta
production,Guyana,2010,540000.0,Robusta
production,Honduras,2010,259860000.0,Arabica
production,India,2010,336000000.0,Robusta/Arabica
production,Jamaica,2010,1260000.0,Arabica
production,Kenya,2010,38460000.0,Arabica
production,Lao People's Democratic Republic,2010,32640000.0,Robusta
production,Liberia,2010,600000.0,Robusta
production,Mexico,2010,240060000.0,Arabica/Robusta
production,Nepal,2010,180000.0,Arabica
production,Nicaragua,2010,98280000.0,Arabica
production,Nigeria,2010,2520000.0,Robusta
production,Panama,2010,6840000.0,Arabica
production,Sierra Leone,2010,1980000.0,Robusta
production,Sri Lanka,2010,2220000.0,Robusta/Arabica
production,Thailand,2010,49680000.0,Robusta/Arabica
production,Togo,2010,9600000.0,Robusta
production,Trinidad & Tobago,2010,600000.0,Robusta
production,Uganda,2010,196020000.0,Robusta/Arabica
production,Venezuela,2010,72120000.0,Arabica
production,Viet Nam,2010,1200000000.0,Robusta/Arabica
production,Yemen,2010,9660000.0,Arabica
production,Angola,2011,1740000.0,Robusta/Arabica
production,Bolivia (Plurinational State of),2011,7920000.0,Arabica
production,Brazil,2011,2915520000.0,Arabica/Robusta
production,Burundi,2011,12240000.0,Arabica/Robusta
production,Ecuador,2011,49500000.0,Arabica/Robusta
production,Indonesia,2011,413340000.0,Robusta/Arabica
production,Madagascar,2011,35100000.0,Robusta
production,Malawi,2011,1560000.0,Arabica
production,Papua New Guinea,2011,84840000.0,Arabica/Robusta
production,Paraguay,2011,1200000.0,Arabica
production,Peru,2011,322380000.0,Arabica
production,Rwanda,2011,15060000.0,Arabica
production,Timor-Leste,2011,2820000.0,Arabica
production,Zimbabwe,2011,540000.0,Arabica
production,Congo,2011,180000.0,Robusta
production,Cuba,2011,6000000.0,Arabica
production,Dominican Republic,2011,29460000.0,Arabica/Robusta
production,Haiti,2011,20940000.0,Arabica
production,Philippines,2011,10800000.0,Robusta/Arabica
production,Tanzania,2011,38460000.0,Arabica/Robusta
production,Zambia,2011,660000.0,Arabica
production,Cameroon,2011,40140000.0,Robusta/Arabica
production,Central African Republic,2011,5460000.0,Robusta
production,Colombia,2011,459180000.0,Arabica
production,Costa Rica,2011,109860000.0,Arabica
production,Côte d'Ivoire,2011,132960000.0,Robusta
production,Democratic Republic of Congo,2011,21420000.0,Robusta/Arabica
production,El Salvador,2011,69840000.0,Arabica
production,Equatorial Guinea,2011,0.0,Robusta
production,Ethiopia,2011,339000000.0,Arabica
production,Gabon,2011,60000.0,Robusta
production,Ghana,2011,1800000.0,Robusta
production,Guatemala,2011,231000000.0,Arabica/Robusta
production,Guinea,2011,23160000.0,Robusta
production,Guyana,2011,600000.0,Robusta
production,Honduras,2011,352920000.0,Arabica
production,India,2011,320040000.0,Robusta/Arabica
production,Jamaica,2011,1440000.0,Arabica
production,Kenya,2011,45420000.0,Arabica
production,Lao People's Democratic Republic,2011,30840000.0,Robusta
production,Liberia,2011,600000.0,Robusta
production,Mexico,2011,273660000.0,Arabica/Robusta
production,Nepal,2011,120000.0,Arabica
production,Nicaragua,2011,131580000.0,Arabica
production,Nigeria,2011,2820000.0,Robusta
production,Panama,2011,6360000.0,Arabica
production,Sierra Leone,2011,4680000.0,Robusta
production,Sri Lanka,2011,2160000.0,Robusta/Arabica
production,Thailand,2011,49860000.0,Robusta/Arabica
production,Togo,2011,9600000.0,Robusta
production,Trinidad & Tobago,2011,660000.0,Robusta
production,Uganda,2011,186900000.0,Robusta/Arabica
production,Venezuela,2011,54120000.0,Arabica
production,Viet Nam,2011,1590000000.0,Robusta/Arabica
production,Yemen,2011,11100000.0,Arabica
production,Angola,2012,1980000.0,Robusta/Arabica
production,Bolivia (Plurinational State of),2012,6300000.0,Arabica
production,Brazil,2012,3325080000.0,Arabica/Robusta
production,Burundi,2012,24360000.0,Arabica/Robusta
production,Ecuador,2012,49680000.0,Arabica/Robusta
production,Indonesia,2012,784200000.0,Robusta/Arabica
production,Madagascar,2012,30000000.0,Robusta
production,Malawi,2012,1380000.0,Arabica
production,Papua New Guinea,2012,42960000.0,Arabica/Robusta
production,Paraguay,2012,1200000.0,Arabica
production,Peru,2012,267000000.0,Arabica
production,Rwanda,2012,15540000.0,Arabica
production,Timor-Leste,2012,3660000.0,Arabica
production,Zimbabwe,2012,420000.0,Arabica
production,Congo,2012,180000.0,Robusta
production,Cuba,2012,5280000.0,Arabica
production,Dominican Republic,2012,29280000.0,Arabica/Robusta
production,Haiti,2012,21000000.0,Arabica
production,Philippines,2012,10620000.0,Robusta/Arabica
production,Tanzania,2012,69060000.0,Arabica/Robusta
production,Zambia,2012,300000.0,Arabica
production,Cameroon,2012,22260000.0,Robusta/Arabica
production,Central African Republic,2012,1380000.0,Robusta
production,Colombia,2012,595620000.0,Arabica
production,Costa Rica,2012,109380000.0,Arabica
production,Côte d'Ivoire,2012,119640000.0,Robusta
production,Democratic Republic of Congo,2012,20040000.0,Robusta/Arabica
production,El Salvador,2012,74400000.0,Arabica
production,Equatorial Guinea,2012,0.0,Robusta
production,Ethiopia,2012,367920000.0,Arabica
production,Gabon,2012,60000.0,Robusta
production,Ghana,2012,1260000.0,Robusta
production,Guatemala,2012,225780000.0,Arabica/Robusta
production,Guinea,2012,14040000.0,Robusta
production,Guyana,2012,600000.0,Robusta
production,Honduras,2012,281160000.0,Arabica
production,India,2012,324180000.0,Robusta/Arabica
production,Jamaica,2012,1440000.0,Arabica
production,Kenya,2012,52500000.0,Arabica
production,Lao People's Democratic Republic,2012,32460000.0,Robusta
production,Liberia,2012,600000.0,Robusta
production,Mexico,2012,259620000.0,Arabica/Robusta
production,Nepal,2012,60000.0,Arabica
production,Nicaragua,2012,112380000.0,Arabica
production,Nigeria,2012,2460000.0,Robusta
production,Panama,2012,6960000.0,Arabica
production,Sierra Leone,2012,3660000.0,Robusta
production,Sri Lanka,2012,2100000.0,Robusta/Arabica
production,Thailand,2012,36480000.0,Robusta/Arabica
production,Togo,2012,5040000.0,Robusta
production,Trinidad & Tobago,2012,720000.0,Robusta
production,Uganda,2012,234840000.0,Robusta/Arabica
production,Venezuela,2012,57120000.0,Arabica
production,Viet Nam,2012,1404120000.0,Robusta/Arabica
production,Yemen,2012,11280000.0,Arabica
production,Angola,2013,2100000.0,Robusta/Arabica
production,Bolivia (Plurinational State of),2013,7200000.0,Arabica
production,Brazil,2013,3281340000.0,Arabica/Robusta
production,Burundi,2013,9780000.0,Arabica/Robusta
production,Ecuador,2013,39960000.0,Arabica/Robusta
production,Indonesia,2013,774060000.0,Robusta/Arabica
production,Madagascar,2013,35040000.0,Robusta
production,Malawi,2013,1680000.0,Arabica
production,Papua New Guinea,2013,50100000.0,Arabica/Robusta
production,Paraguay,2013,1200000.0,Arabica
production,Peru,2013,246360000.0,Arabica
production,Rwanda,2013,15480000.0,Arabica
production,Timor-Leste,2013,4800000.0,Arabica
production,Zimbabwe,2013,540000.0,Arabica
production,Congo,2013,180000.0,Robusta
production,Cuba,2013,6420000.0,Arabica
production,Dominican Republic,2013,25500000.0,Arabica/Robusta
production,Haiti,2013,20700000.0,Arabica
production,Philippines,2013,11160000.0,Robusta/Arabica
production,Tanzania,2013,48660000.0,Arabica/Robusta
production,Zambia,2013,660000.0,Arabica
production,Cameroon,2013,24240000.0,Robusta/Arabica
production,Central African Republic,2013,5400000.0,Robusta
production,Colombia,2013,727440000.0,Arabica
production,Costa Rica,2013,93120000.0,Arabica
production,Côte d'Ivoire,2013,155880000.0,Robusta
production,Democratic Republic of Congo,2013,20820000.0,Robusta/Arabica
production,El Salvador,2013,30900000.0,Arabica
production,Equatorial Guinea,2013,0.0,Robusta
production,Ethiopia,2013,374520000.0,Arabica
production,Gabon,2013,0.0,Robusta
production,Ghana,2013,1500000.0,Robusta
production,Guatemala,2013,191340000.0,Arabica/Robusta
production,Guinea,2013,6060000.0,Robusta
production,Guyana,2013,780000.0,Robusta
production,Honduras,2013,274980000.0,Arabica
production,India,2013,304500000.0,Robusta/Arabica
production,Jamaica,2013,1200000.0,Arabica
production,Kenya,2013,50580000.0,Arabica
production,Lao People's Democratic Republic,2013,32640000.0,Robusta
production,Liberia,2013,360000.0,Robusta
production,Mexico,2013,234960000.0,Arabica/Robusta
production,Nepal,2013,60000.0,Arabica
production,Nicaragua,2013,123600000.0,Arabica
production,Nigeria,2013,2460000.0,Robusta
production,Panama,2013,6780000.0,Arabica
production,Sierra Leone,2013,1920000.0,Robusta
production,Sri Lanka,2013,2220000.0,Robusta/Arabica
production,Thailand,2013,38280000.0,Robusta/Arabica
production,Togo,2013,10320000.0,Robusta
production,Trinidad & Tobago,2013,720000.0,Robusta
production,Uganda,2013,217980000.0,Robusta/Arabica
production,Venezuela,2013,48240000.0,Arabica
production,Viet Nam,2013,1656600000.0,Robusta/Arabica
production,Yemen,2013,11220000.0,Arabica
production,Angola,2014,2340000.0,Robusta/Arabica
production,Bolivia (Plurinational State of),2014,6000000.0,Arabica
production,Brazil,2014,3198300000.0,Arabica/Robusta
production,Burundi,2014,14880000.0,Arabica/Robusta
production,Ecuador,2014,38640000.0,Arabica/Robusta
production,Indonesia,2014,656760000.0,Robusta/Arabica
production,Madagascar,2014,30060000.0,Robusta
production,Malawi,2014,1500000.0,Arabica
production,Papua New Guinea,2014,47880000.0,Arabica/Robusta
production,Paraguay,2014,1200000.0,Arabica
production,Peru,2014,172980000.0,Arabica
production,Rwanda,2014,14280000.0,Arabica
production,Timor-Leste,2014,6660000.0,Arabica
production,Zimbabwe,2014,900000.0,Arabica
production,Congo,2014,180000.0,Robusta
production,Cuba,2014,6060000.0,Arabica
production,Dominican Republic,2014,23820000.0,Arabica/Robusta
production,Haiti,2014,20580000.0,Arabica
production,Philippines,2014,11580000.0,Robusta/Arabica
production,Tanzania,2014,45180000.0,Arabica/Robusta
production,Zambia,2014,180000.0,Arabica
production,Cameroon,2014,28980000.0,Robusta/Arabica
production,Central African Republic,2014,3780000.0,Robusta
production,Colombia,2014,799980000.0,Arabica
production,Costa Rica,2014,88500000.0,Arabica
production,Côte d'Ivoire,2014,103680000.0,Robusta
production,Democratic Republic of Congo,2014,20100000.0,Robusta/Arabica
production,El Salvador,2014,39900000.0,Arabica
production,Equatorial Guinea,2014,0.0,Robusta
production,Ethiopia,2014,382980000.0,Arabica
production,Gabon,2014,60000.0,Robusta
production,Ghana,2014,2100000.0,Robusta
production,Guatemala,2014,198600000.0,Arabica/Robusta
production,Guinea,2014,9900000.0,Robusta
production,Guyana,2014,540000.0,Robusta
production,Honduras,2014,316080000.0,Arabica
production,India,2014,327000000.0,Robusta/Arabica
production,Jamaica,2014,1260000.0,Arabica
production,Kenya,2014,46200000.0,Arabica
production,Lao People's Democratic Republic,2014,33120000.0,Robusta
production,Liberia,2014,420000.0,Robusta
production,Mexico,2014,218160000.0,Arabica/Robusta
production,Nepal,2014,120000.0,Arabica
production,Nicaragua,2014,113880000.0,Arabica
production,Nigeria,2014,2580000.0,Robusta
production,Panama,2014,6360000.0,Arabica
production,Sierra Leone,2014,2760000.0,Robusta
production,Sri Lanka,2014,2160000.0,Robusta/Arabica
production,Thailand,2014,50700000.0,Robusta/Arabica
production,Togo,2014,8580000.0,Robusta
production,Trinidad & Tobago,2014,720000.0,Robusta
production,Uganda,2014,224640000.0,Robusta/Arabica
production,Venezuela,2014,39000000.0,Arabica
production,Viet Nam,2014,1634460000.0,Robusta/Arabica
production,Yemen,2014,10680000.0,Arabica
production,Angola,2015,2460000.0,Robusta/Arabica
production,Bolivia (Plurinational State of),2015,5040000.0,Arabica
production,Brazil,2015,3172260000.0,Arabica/Robusta
production,Burundi,2015,16140000.0,Arabica/Robusta
production,Ecuador,2015,38640000.0,Arabica/Robusta
production,Indonesia,2015,755100000.0,Robusta/Arabica
production,Madagascar,2015,24840000.0,Robusta
production,Malawi,2015,1260000.0,Arabica
production,Papua New Guinea,2015,42720000.0,Arabica/Robusta
production,Paraguay,2015,1200000.0,Arabica
production,Peru,2015,198240000.0,Arabica
production,Rwanda,2015,17580000.0,Arabica
production,Timor-Leste,2015,3540000.0,Arabica
production,Zimbabwe,2015,840000.0,Arabica
production,Congo,2015,180000.0,Robusta
production,Cuba,2015,6000000.0,Arabica
production,Dominican Republic,2015,24000000.0,Arabica/Robusta
production,Haiti,2015,20460000.0,Arabica
production,Philippines,2015,12480000.0,Robusta/Arabica
production,Tanzania,2015,55800000.0,Arabica/Robusta
production,Zambia,2015,240000.0,Arabica
production,Cameroon,2015,23460000.0,Robusta/Arabica
production,Central African Republic,2015,6000000.0,Robusta
production,Colombia,2015,840540000.0,Arabica
production,Costa Rica,2015,86400000.0,Arabica
production,Côte d'Ivoire,2015,77340000.0,Robusta
production,Democratic Republic of Congo,2015,22260000.0,Robusta/Arabica
production,El Salvador,2015,33900000.0,Arabica
production,Equatorial Guinea,2015,0.0,Robusta
production,Ethiopia,2015,390900000.0,Arabica
production,Gabon,2015,60000.0,Robusta
production,Ghana,2015,2160000.0,Robusta
production,Guatemala,2015,204600000.0,Arabica/Robusta
production,Guinea,2015,17160000.0,Robusta
production,Guyana,2015,660000.0,Robusta
production,Honduras,2015,347160000.0,Arabica
production,India,2015,349800000.0,Robusta/Arabica
production,Jamaica,2015,1200000.0,Arabica
production,Kenya,2015,47940000.0,Arabica
production,Lao People's Democratic Republic,2015,32100000.0,Robusta
production,Liberia,2015,600000.0,Robusta
production,Mexico,2015,166320000.0,Arabica/Robusta
production,Nepal,2015,120000.0,Arabica
production,Nicaragua,2015,127800000.0,Arabica
production,Nigeria,2015,2460000.0,Robusta
production,Panama,2015,7620000.0,Arabica
production,Sierra Leone,2015,2760000.0,Robusta
production,Sri Lanka,2015,2160000.0,Robusta/Arabica
production,Thailand,2015,45720000.0,Robusta/Arabica
production,Togo,2015,4860000.0,Robusta
production,Trinidad & Tobago,2015,720000.0,Robusta
production,Uganda,2015,219000000.0,Robusta/Arabica
production,Venezuela,2015,30000000.0,Arabica
production,Viet Nam,2015,1865400000.0,Robusta/Arabica
production,Yemen,2015,9360000.0,Arabica
production,Angola,2016,2700000.0,Robusta/Arabica
production,Bolivia (Plurinational State of),2016,4680000.0,Arabica
production,Brazil,2016,3407280000.0,Arabica/Robusta
production,Burundi,2016,11760000.0,Arabica/Robusta
production,Ecuador,2016,38700000.0,Arabica/Robusta
production,Indonesia,2016,692460000.0,Robusta/Arabica
production,Madagascar,2016,27180000.0,Robusta
production,Malawi,2016,1200000.0,Arabica
production,Papua New Guinea,2016,70260000.0,Arabica/Robusta
production,Paraguay,2016,1200000.0,Arabica
production,Peru,2016,253380000.0,Arabica
production,Rwanda,2016,13860000.0,Arabica
production,Timor-Leste,2016,4920000.0,Arabica
production,Zimbabwe,2016,900000.0,Arabica
production,Congo,2016,180000.0,Robusta
production,Cuba,2016,6180000.0,Arabica
production,Dominican Republic,2016,24720000.0,Arabica/Robusta
production,Haiti,2016,20520000.0,Arabica
production,Philippines,2016,12900000.0,Robusta/Arabica
production,Tanzania,2016,50760000.0,Arabica/Robusta
production,Zambia,2016,780000.0,Arabica
production,Cameroon,2016,17520000.0,Robusta/Arabica
production,Central African Republic,2016,2220000.0,Robusta
production,Colombia,2016,878040000.0,Arabica
production,Costa Rica,2016,82320000.0,Arabica
production,Côte d'Ivoire,2016,67020000.0,Robusta
production,Democratic Republic of Congo,2016,16740000.0,Robusta/Arabica
production,El Salvador,2016,36600000.0,Arabica
production,Equatorial Guinea,2016,0.0,Robusta
production,Ethiopia,2016,428580000.0,Arabica
production,Gabon,2016,0.0,Robusta
production,Ghana,2016,1560000.0,Robusta
production,Guatemala,2016,221040000.0,Arabica/Robusta
production,Guinea,2016,16200000.0,Robusta
production,Guyana,2016,600000.0,Robusta
production,Honduras,2016,447420000.0,Arabica
production,India,2016,369660000.0,Robusta/Arabica
production,Jamaica,2016,1080000.0,Arabica
production,Kenya,2016,47580000.0,Arabica
production,Lao People's Democratic Republic,2016,30600000.0,Robusta
production,Liberia,2016,720000.0,Robusta
production,Mexico,2016,218100000.0,Arabica/Robusta
production,Nepal,2016,60000.0,Arabica
production,Nicaragua,2016,153300000.0,Arabica
production,Nigeria,2016,2580000.0,Robusta
production,Panama,2016,7200000.0,Arabica
production,Sierra Leone,2016,2280000.0,Robusta
production,Sri Lanka,2016,2220000.0,Robusta/Arabica
production,Thailand,2016,32280000.0,Robusta/Arabica
production,Togo,2016,1380000.0,Robusta
production,Trinidad & Tobago,2016,720000.0,Robusta
production,Uganda,2016,297720000.0,Robusta/Arabica
production,Venezuela,2016,31500000.0,Arabica
production,Viet Nam,2016,1669140000.0,Robusta/Arabica
production,Yemen,2016,8580000.0,Arabica
production,Angola,2017,2100000.0,Robusta/Arabica
production,Bolivia (Plurinational State of),2017,5040000.0,Arabica
production,Brazil,2017,3164400000.0,Arabica/Robusta
production,Burundi,2017,12120000.0,Arabica/Robusta
production,Ecuador,2017,37440000.0,Arabica/Robusta
production,Indonesia,2017,651120000.0,Robusta/Arabica
production,Madagascar,2017,24240000.0,Robusta
production,Malawi,2017,840000.0,Arabica
production,Papua New Guinea,2017,44040000.0,Arabica/Robusta
production,Paraguay,2017,1200000.0,Arabica
production,Peru,2017,256740000.0,Arabica
production,Rwanda,2017,15840000.0,Arabica
production,Timor-Leste,2017,3900000.0,Arabica
production,Zimbabwe,2017,420000.0,Arabica
production,Congo,2017,180000.0,Robusta
production,Cuba,2017,6780000.0,Arabica
production,Dominican Republic,2017,24720000.0,Arabica/Robusta
production,Haiti,2017,20520000.0,Arabica
production,Philippines,2017,12180000.0,Robusta/Arabica
production,Tanzania,2017,46980000.0,Arabica/Robusta
production,Zambia,2017,1140000.0,Arabica
production,Cameroon,2017,22200000.0,Robusta/Arabica
production,Central African Republic,2017,3600000.0,Robusta
production,Colombia,2017,829440000.0,Arabica
production,Costa Rica,2017,93660000.0,Arabica
production,Côte d'Ivoire,2017,97440000.0,Robusta
production,Democratic Republic of Congo,2017,22920000.0,Robusta/Arabica
production,El Salvador,2017,45600000.0,Arabica
production,Equatorial Guinea,2017,0.0,Robusta
production,Ethiopia,2017,440820000.0,Arabica
production,Gabon,2017,0.0,Robusta
production,Ghana,2017,780000.0,Robusta
production,Guatemala,2017,224040000.0,Arabica/Robusta
production,Guinea,2017,13740000.0,Robusta
production,Guyana,2017,600000.0,Robusta
production,Honduras,2017,453600000.0,Arabica
production,India,2017,348780000.0,Robusta/Arabica
production,Jamaica,2017,1140000.0,Arabica
production,Kenya,2017,47400000.0,Arabica
production,Lao People's Democratic Republic,2017,31980000.0,Robusta
production,Liberia,2017,960000.0,Robusta
production,Mexico,2017,269100000.0,Arabica/Robusta
production,Nepal,2017,120000.0,Arabica
production,Nicaragua,2017,158520000.0,Arabica
production,Nigeria,2017,2520000.0,Robusta
production,Panama,2017,6300000.0,Arabica
production,Sierra Leone,2017,2280000.0,Robusta
production,Sri Lanka,2017,2220000.0,Robusta/Arabica
production,Thailand,2017,38280000.0,Robusta/Arabica
production,Togo,2017,6900000.0,Robusta
production,Trinidad & Tobago,2017,720000.0,Robusta
production,Uganda,2017,275820000.0,Robusta/Arabica
production,Venezuela,2017,34320000.0,Arabica
production,Viet Nam,2017,2005920000.0,Robusta/Arabica
production,Yemen,2017,7920000.0,Arabica
production,Angola,2018,2520000.0,Robusta/Arabica
production,Bolivia (Plurinational State of),2018,4980000.0,Arabica
production,Brazil,2018,3907860000.0,Arabica/Robusta
production,Burundi,2018,12240000.0,Arabica/Robusta
production,Ecuador,2018,29760000.0,Arabica/Robusta
production,Indonesia,2018,577080000.0,Robusta/Arabica
production,Madagascar,2018,22740000.0,Robusta
production,Malawi,2018,780000.0,Arabica
production,Papua New Guinea,2018,55800000.0,Arabica/Robusta
production,Paraguay,2018,1200000.0,Arabica
production,Peru,2018,255780000.0,Arabica
production,Rwanda,2018,22800000.0,Arabica
production,Timor-Leste,2018,8340000.0,Arabica
production,Zimbabwe,2018,600000.0,Arabica
production,Congo,2018,180000.0,Robusta
production,Cuba,2018,7680000.0,Arabica
production,Dominican Republic,2018,25860000.0,Arabica/Robusta
production,Haiti,2018,20820000.0,Arabica
production,Philippines,2018,12360000.0,Robusta/Arabica
production,Tanzania,2018,70500000.0,Arabica/Robusta
production,Zambia,2018,2040000.0,Arabica
production,Cameroon,2018,18600000.0,Robusta/Arabica
production,Central African Republic,2018,2220000.0,Robusta
production,Colombia,2018,831960000.0,Arabica
production,Costa Rica,2018,85620000.0,Arabica
production,Côte d'Ivoire,2018,130500000.0,Robusta
production,Democratic Republic of Congo,2018,23820000.0,Robusta/Arabica
production,El Salvador,2018,45660000.0,Arabica
production,Equatorial Guinea,2018,0.0,Robusta
production,Ethiopia,2018,450660000.0,Arabica
production,Gabon,2018,60000.0,Robusta
production,Ghana,2018,900000.0,Robusta
production,Guatemala,2018,240420000.0,Arabica/Robusta
production,Guinea,2018,9180000.0,Robusta
production,Guyana,2018,600000.0,Robusta
production,Honduras,2018,429180000.0,Arabica
production,India,2018,319500000.0,Robusta/Arabica
production,Jamaica,2018,1080000.0,Arabica
production,Kenya,2018,55800000.0,Arabica
production,Lao People's Democratic Republic,2018,38820000.0,Robusta
production,Liberia,2018,360000.0,Robusta
production,Mexico,2018,261060000.0,Arabica/Robusta
production,Nepal,2018,60000.0,Arabica
production,Nicaragua,2018,172740000.0,Arabica
production,Nigeria,2018,2520000.0,Robusta
production,Panama,2018,7680000.0,Arabica
production,Sierra Leone,2018,2700000.0,Robusta
production,Sri Lanka,2018,2160000.0,Robusta/Arabica
production,Thailand,2018,28920000.0,Robusta/Arabica
production,Togo,2018,3240000.0,Robusta
production,Trinidad & Tobago,2018,780000.0,Robusta
production,Uganda,2018,282240000.0,Robusta/Arabica
production,Venezuela,2018,34680000.0,Arabica
production,Viet Nam,2018,1816980000.0,Robusta/Arabica
production,Yemen,2018,5160000.0,Arabica
production,Angola,2019,3120000.0,Robusta/Arabica
production,Bolivia (Plurinational State of),2019,4860000.0,Arabica
production,Brazil,2019,3492660000.0,Arabica/Robusta
production,Burundi,2019,16320000.0,Arabica/Robusta
production,Ecuador,2019,33540000.0,Arabica/Robusta
production,Indonesia,2019,685980000.0,Robusta/Arabica
production,Madagascar,2019,22980000.0,Robusta
production,Malawi,2019,960000.0,Arabica
production,Papua New Guinea,2019,45120000.0,Arabica/Robusta
production,Paraguay,2019,1200000.0,Arabica
production,Peru,2019,230160000.0,Arabica
production,Rwanda,2019,20880000.0,Arabica
production,Timor-Leste,2019,6180000.0,Arabica
production,Zimbabwe,2019,540000.0,Arabica
production,Congo,2019,180000.0,Robusta
production,Cuba,2019,7800000.0,Arabica
production,Dominican Republic,2019,24120000.0,Arabica/Robusta
production,Haiti,2019,20820000.0,Arabica
production,Philippines,2019,18420000.0,Robusta/Arabica
production,Tanzania,2019,55560000.0,Arabica/Robusta
production,Zambia,2019,900000.0,Arabica
production,Cameroon,2019,16080000.0,Robusta/Arabica
production,Central African Republic,2019,3300000.0,Robusta
production,Colombia,2019,846000000.0,Arabica
production,Costa Rica,2019,88320000.0,Arabica
production,Côte d'Ivoire,2019,115740000.0,Robusta
production,Democratic Republic of Congo,2019,23460000.0,Robusta/Arabica
production,El Salvador,2019,39660000.0,Arabica
production,Equatorial Guinea,2019,0.0,Robusta
production,Ethiopia,2019,440580000.0,Arabica
production,Gabon,2019,0.0,Robusta
production,Ghana,2019,840000.0,Robusta
production,Guatemala,2019,216360000.0,Arabica/Robusta
production,Guinea,2019,10680000.0,Robusta
production,Guyana,2019,600000.0,Robusta
production,Honduras,2019,355860000.0,Arabica
production,India,2019,299280000.0,Robusta/Arabica
production,Jamaica,2019,1380000.0,Arabica
production,Kenya,2019,50640000.0,Arabica
production,Lao People's Democratic Republic,2019,37320000.0,Robusta
production,Liberia,2019,360000.0,Robusta
production,Mexico,2019,239100000.0,Arabica/Robusta
production,Nepal,2019,60000.0,Arabica
production,Nicaragua,2019,172920000.0,Arabica
production,Nigeria,2019,2520000.0,Robusta
production,Panama,2019,6840000.0,Arabica
production,Sierra Leone,2019,2400000.0,Robusta
production,Sri Lanka,2019,2160000.0,Robusta/Arabica
production,Thailand,2019,31020000.0,Robusta/Arabica
production,Togo,2019,2460000.0,Robusta
production,Trinidad & Tobago,2019,720000.0,Robusta
production,Uganda,2019,330540000.0,Robusta/Arabica
production,Venezuela,2019,39000000.0,Arabica
production,Viet Nam,2019,1829220000.0,Robusta/Arabica
production,Yemen,2019,5460000.0,Arabica
